genus,species,subspecies,nn,Locality,sex,Collection,note,deer_species,L_P2_occiput,CBL,L_P2_M3,L_M1_M3,L_P2_P4,L_P2_prosth,L_M3_occ_cond,L_basiocc,W_occiput,W_mastoidal,W_occ_cond,H_occip_for_magn,H_occiput,W_at_M3,W_at_P2,W_rostrum,W_zygomatic,W_at_orbits,W_frontal,W_braincase,W_basioccip,D_orbit,L_front_sut,L_orbit_prosth,L_orbit_occiput,L_bregma_inion,L_bregma_prosth,L_nasal,P2M3_CBL,ORBPR_CBL,WBRAINC_LBRIN,LMM_LP2PR,LBRIN_P2COND,WOCC_P2COND,WM3_P2COND,WFR_P2COND,PP_MM,LBRIN_P2COND2,WBRAINC_WFR,LBRIN_M3COND,HOCC_WOCC,WCOND_WFR
Megaloceros,giganteus,giganteus,M2326,Ireland,F,NHML,continental,M. g. giganteus,339.8,480,141.6,83.3,60.6,140.2,202,108.2,153.4,138.5,94.4,69.7,113,134.7,93.3,79.8,220,190,,107.4,60.6,59.1,115.2,285,147,109.2,,,29.5,59.4,98.4,59.4,32.1,45.1,39.6,,72.7,32.1,,54.1,73.7,
Megaloceros,giganteus,giganteus,nn,Ireland,F,NHML,continental,M. g. giganteus,335.5,,143.3,88.7,61.3,,192.2,109.3,152.1,131.5,98.2,70,104.6,134.5,89.9,,225,176.3,,105.6,62.5,55.4,,,156,104.5,,,,,101.1,,31.1,45.3,40.1,,69.1,31.1,,54.4,68.8,
Megaloceros,giganteus,giganteus,8-VI-80,Ireland,F,NHML,continental,M. g. giganteus,342,483,147,89.5,66,141,195,,137.8,,93,71.4,,,,88.7,,,,108.2,,,,273,150,,,,30.4,56.5,,63.5,,40.3,,,73.7,,,,,
Megaloceros,giganteus,giganteus,M28968,Ireland,M,NHML,continental,M. g. giganteus,367.6,505,150,90,60,137.4,223,124,187,158.5,107,85,129.5,140.7,101.5,94.5,240,215,195,117.8,72.7,56.1,,290,185.2,136,,,29.7,57.4,86.6,65.5,37.0,50.9,38.3,53.0,66.7,37.0,60.4,61.0,69.3,54.9
Megaloceros,giganteus,giganteus,M42233,Ireland,M,NHML,continental,M. g. giganteus,383,510,153.3,86.8,64.2,127,230,188.6,196,166.3,108,82.7,127,139.5,101.8,100.7,243,220,215,121.7,74,57.2,,,187.3,142.5,,,30.1,,85.4,68.3,37.2,51.2,36.4,56.1,74.0,37.2,56.6,62.0,64.8,50.2
Megaloceros,giganteus,giganteus,nn,Ireland,M,Bucharest,continental,M. g. giganteus,362.7,510,147,89,63.2,147.3,215.7,,,,105.5,85,,150,101.3,98.8,246,226,233,,59.2,54.8,,277.5,183,142,,193,28.8,54.4,,60.4,39.2,,41.4,64.2,71.0,39.2,,65.8,,45.3
Megaloceros,giganteus,giganteus,1856-25,Ireland,M,MNHN,continental,M. g. giganteus,383,545,150,92.7,61.4,154.5,245,,,,116.7,86,130,143,103,105.5,,220,213,128,81.3,55.5,,295,185,,,174,27.5,54.1,,60.0,,,37.3,55.6,66.2,,60.1,,,54.8
Megaloceros,giganteus,giganteus,Sorbonna,Ireland,M,MNHN,continental,M. g. giganteus,360,495,150.2,,,138.4,211,143.4,193,101.5,101.5,85,125.1,136.6,95.5,85.2,,215,200,113.7,53.4,52.5,,268,170,125,,187,30.3,54.1,91.0,,34.7,53.6,37.9,55.6,,34.7,56.9,59.2,64.8,50.8
Megaloceros,giganteus,giganteus,nn,Ireland,M,Munchen,continental,M. g. giganteus,,,146.5,88.7,63,152,,,,,,,,,,,,,,,,,,,,,,,,,,58.4,,,,,71.0,,,,,
Megaloceros,giganteus,latifrons,B.,Holland,M,Raven 1935,continental,M. g. latifrons,,398,145,86,66,,,,187,,,,117,,,,243,218,,,,62,,,,,,,36.4,,,,,,,,76.7,,,,62.6,
Megaloceros,giganteus,latifrons,U.,Holland,M,Raven 1935,continental,M. g. latifrons,,416,149,87,,,,,210,,,,124,,,,262,238,,,,59,,,,,,,35.8,,,,,,,,,,,,59.0,
Megaloceros,giganteus,latifrons,M.1114,Holland,M,Raven 1935,continental,M. g. latifrons,,405,146,86,64.5,,,,198,,,,123,,,,255,238,,,,60,,,,,,,36.0,,,,,,,,75.0,,,,62.1,
Megaloceros,giganteus,latifrons,L.,Holland,M,Raven 1935,continental,M. g. latifrons,,,145.5,86.5,65.5,,,,201,,,,120,,,,265,236,,,,56,,,,,,,,,,,,,,,75.7,,,,59.7,
Megaloceros,giganteus,latifrons,M.1113,Holland,M,Raven 1935,continental,M. g. latifrons,,418,149,85,68.5,,,,197,,,,114,,,,256,230,,,,62,,,,,,,35.6,,,,,,,,80.6,,,,57.9,
Megaloceros,giganteus,italiae,IGF11630,Botro Maspino,M,Florence,continental,M. g. italiae,,,140.5,83.2,61.2,130,,,172.5,166.7,,,,140.8,92.2,87.3,220,225,178.4,123.4,,57.3,,285,155.7,95,,,,,129.9,64.0,,,,,73.6,,69.2,,,
Megaloceros,giganteus,padanus,Paleont. Mus. Milan,Polesine Parmense,M,Milan,continental,M. g. padanus,,,,,,,,,,,110,,108,,,,224,,,119,,55,,,,98,,,,,121.4,,,,,,,,,,,
Megaloceros,giganteus,ruffii,6480/18402,Rate?,M,Tecuci,continental,M. g. ruffii,314,,140,,,,231,,197.5,,120.3,,137.5,132.1,,,220,259.3,200.5,122.5,,,127,,,142.5,,,,,86.0,,45.4,62.9,42.1,63.9,,45.4,61.1,61.7,69.6,60.0
Megaloceros,giganteus,ssp.,ALX12957,Vedea,M,Alexandria,continental,M. g. ruffii,370,497,162.1,96,71.2,132.3,210,,,,110.6,86.3,133.8,147.4,95,,235,237,206,118.5,,60,119.4,295,,134.3,435,199,32.6,59.4,88.2,72.6,36.3,,39.8,55.7,74.2,36.3,57.5,64.0,,53.7
Megaloceros,giganteus,ssp.,UniBuc-932,Colentina,M,Bucharest,continental,M. g. ruffii,,,,,,,,,174,,,,126,,,,,,,118,,,,,,129,,,,,91.5,,,,,,,,,,72.4,
Megaloceros,giganteus,ssp.,11010/50,Colentina,M,Bucharest,continental,M. g. ruffii,348,,140.7,80,63,,210,148,197.5,,,70.8,129.5,138,91.4,85.7,,216,196,125,54.8,,,,,134,,179,,,93.3,,38.5,56.8,39.7,56.3,78.8,38.5,63.8,63.8,65.6,
Megaloceros,giganteus,ssp.,UB-1/138,Floreasca,,Bucharest,continental,M. g. ruffii,,,128,76.4,58.3,,,,,,,,,,,,,,,,,,,,,,,,,,,,,,,,76.3,,,,,
Megaloceros,giganteus,ssp.,P.V. 158,Gomolava,F,Nedeljkovi? 2020,continental,M. g. ruffii,347.6,487,144.5,85.5,63.14,139.4,203.1,,,,,,116.8,,,87.2,,,,,,59.5,,,,,,152.2,29.7,,,61.3,,,,,73.8,,,,,
Megaloceros,giganteus,ssp.,????-1993,Dubasari,M,Mus.NH Chisianu,continental,M. g. ruffii,,,,,,,,,199,,114,77,124,,,,,,193.5,126.5,,,,,,137,,,,,92.3,,,,,,,,65.4,,62.3,58.9
Megaloceros,giganteus,ruffii,6116.2.9.73.3,Lampertheim,M,Stuttgart,continental,M. g. ruffii,361,495,153,89.2,67.3,137.5,213,,160,,114.5,72,112.3,139.5,94,,,212,184,117,,,124,286,,135,423,190,30.9,57.8,86.7,64.9,37.4,44.3,38.6,51.0,75.4,37.4,63.6,63.4,70.2,62.2
Megaloceros,giganteus,ruffii,6517.3.7.63.10,Bruhl,M,Stuttgart,continental,M. g. ruffii,362,485,143,83,60,135,220,,170,,113,80,120,139,98,,,225,188,121.5,,,127,280,,134,422,185,29.5,57.7,90.7,61.5,37.0,47.0,38.4,51.9,72.3,37.0,64.6,60.9,70.6,60.1
Megaloceros,giganteus,ruffii,6717.2.7.64.1,Altussheim-Allmenwiesen,M,Stuttgart,continental,M. g. ruffii,362,505,150.5,90.5,67,144,217,,163,,113.2,79,118.6,143,99,,235,239,203,123,,55,124,290,,137,420,182,29.8,57.4,89.8,62.8,37.8,45.0,39.5,56.1,74.0,37.8,60.6,63.1,72.8,55.8
Megaloceros,giganteus,ruffii,6616.17.11.80.37,Bruhl,M,Stuttgart,continental,M. g. ruffii,357,505,144.5,84.3,64,131.3,213,,,,105,81.4,122.3,134,86,,231,233,196,118,,57.3,130,280,,127,422,,28.6,55.4,92.9,64.2,35.6,,37.5,54.9,75.9,35.6,60.2,59.6,,53.6
Megaloceros,giganteus,ruffii,6517.2.7.72.8,Mannheim,M,Stuttgart,continental,M. g. ruffii,352,480,141.5,82.3,65.3,125,214,,165,,107,77.4,120,144,100.2,,241,236,197,118,,56,,270,,126,410,,29.5,56.3,93.7,65.8,35.8,46.9,40.9,56.0,79.3,35.8,59.9,58.9,72.7,54.3
Megaloceros,giganteus,ruffii,6516.4.8.70.7,Altrip,M,Stuttgart,continental,M. g. ruffii,359,,146,83.3,66.3,,215,,155,,111.4,79.3,120.7,143.5,98.8,,235,235,200,125.5,,55.4,,,,131,,,,,95.8,,36.5,43.2,40.0,55.7,79.6,36.5,62.8,60.9,77.9,55.7
Megaloceros,giganteus,ruffii,6717.8.12.83.3,Rhine Valley,M,Stuttgart,continental,M. g. ruffii,353,,147,88,65.4,,210,,163,,104.7,76.4,120,131,90,,221,219,179,113.5,,56.5,,,,128.5,,,,,88.3,,36.4,46.2,37.1,50.7,74.3,36.4,63.4,61.2,73.6,58.5
Megaloceros,giganteus,ruffii,6517.5.9.73.4,Bruhl bei Mannheim,M,Stuttgart,continental,M. g. ruffii,364,498,149,88.5,60.8,138.3,217,,168,,107.5,79.4,111,136.5,97.2,,226,233,204,119,,55.7,,290,,132,430,,29.9,58.2,90.2,64.0,36.3,46.2,37.5,56.0,68.7,36.3,58.3,60.8,66.1,52.7
Megaloceros,giganteus,ruffii,6617.5.9.64.,Rhine Valley,F,Stuttgart,continental,M. g. ruffii,343,474,150,88.4,67.3,131.4,197,,143,,105,74,114.3,133.3,90,,214,178,102,111,,52.6,,274,,117.2,,,31.6,57.8,94.7,67.3,34.2,41.7,38.9,29.7,76.1,34.2,108.8,59.5,79.9,102.9
Megaloceros,giganteus,ruffii,6617.1.12.81.33,Rhine Valley,F,Stuttgart,continental,M. g. ruffii,346,477,139,,,137.4,208,,,,,73.5,110.8,135,,,215,186,109,108.5,,54.5,,273,,111.7,,,29.1,57.2,97.1,,32.3,,39.0,31.5,,32.3,99.5,53.7,,
Megaloceros,giganteus,ruffii,6616.17.82.70,Rhine Valley,F,Stuttgart,continental,M. g. ruffii,344,464,146,85,61,125,197,,,,101.3,75,109.8,,90.3,,,179,103.5,108.8,,54.9,,267,,125,,,31.5,57.5,87.0,68.0,36.3,,,30.1,71.8,36.3,105.1,63.5,,97.9
Megaloceros,giganteus,ruffii,6617.10.10.61.6,Rhine Valley,F,Stuttgart,continental,M. g. ruffii,336,,136,,,,250,,,,106.3,72,,142.4,96.5,,224,200,109,108.5,,,,,,121,,,,,89.7,,36.0,,42.4,32.4,,36.0,99.5,48.4,,97.5
Megaloceros,giganteus,ruffii,6616.5.5.84.14,Rhine Valley,F,Stuttgart,continental,M. g. ruffii,337,,143.5,87,63.5,,195,,,,101.5,72,113.8,131.5,95.8,,212,188,100,102.5,,54,,,,119,,,,,86.1,,35.3,,39.0,29.7,73.0,35.3,102.5,61.0,,101.5
Megaloceros,giganteus,ruffii,6616.10.10.66.14,Rhine Valley,F,Stuttgart,continental,M. g. ruffii,353,,146.3,88.4,65,,212,,,,104,72.5,115.5,134,92.3,,212,183,106.2,108,,55.4,,,,117,,,,,92.3,,33.1,,38.0,30.1,73.5,33.1,101.7,55.2,,97.9
Megaloceros,giganteus,ruffii,6616.17.4.82.31,Bruhl,,Stuttgart,continental,M. g. ruffii,,,141.5,83.6,63.8,137.4,,,,,,,,,,,,,,,,,,,,,,,,,,60.8,,,,,76.3,,,,,
Megaloceros,giganteus,ruffii,6617.1.#7.75.11,Rhine Valley,M,Stuttgart,continental,M. g. ruffii,,,145.4,85.5,61,133.2,,,,,,,,137,98.4,,,,,,,,,,,,,,,,,64.2,,,,,71.3,,,,,
Megaloceros,giganteus,ruffii,6517.5.2.67.1,Rhine Valley,M,Stuttgart,continental,M. g. ruffii,,,146,85.1,63.5,144.4,,,,,,,,129,97.2,,,,,,,,,,,,,,,,,58.9,,,,,74.6,,,,,
Megaloceros,giganteus,ruffii,6616.174.82.32,Bruhl (Koller)- Schlangenwinkel,,Stuttgart,continental,M. g. ruffii,,,146,85.5,64.2,,,,,,,,,,,,,,,,,,,,,,,,,,,,,,,,75.1,,,,,
Megaloceros,giganteus,antecedens,HOL15795,Steinhem-an-der-Murr,M,Stuttgart,continental,M. g. antecedens,,,143.7,84.1,62.2,132,,,179,,,,115,,,,,245,174,,,,,,,,,,,,,63.7,,,,,74.0,,,,64.2,
Megaloceros,giganteus,antecedens,SMNS12583/2,Steinhem-an-der-Murr,M,Stuttgart,continental,M. g. antecedens,,,,,,,,,,,,,,,,,,,197,120,,,,,,130,,,,,92.3,,,,,,,,60.9,,,
Megaloceros,giganteus,antecedens,HOL17796,Steinhem-an-der-Murr,M,Stuttgart,continental,M. g. antecedens,,,139.5,,,140,,,,,,,114,,,,,234,174,,,,,,,,,,,,,,,,,,,,,,,
Megaloceros,giganteus,antecedens,HOL17234,Steinhem-an-der-Murr,M,Stuttgart,continental,M. g. antecedens,,,136.5,,,,,,,,,,,,,,,,,,,,,,,,,,,,,,,,,,,,,,,
Megaloceros,giganteus,antecedens,SMNS15216a,Murr,,Stuttgart,continental,M. g. antecedens,,,,88,,,,,,,,,,,,,,,,,,,,,,,,,,,,,,,,,,,,,,
Megaloceros,giganteus,antecedens,SMNS18360,Murr,M,Stuttgart,continental,M. g. antecedens,,,,,,,,,,,,,,,,,,,193,117.7,,,,,,118,,,,,99.7,,,,,,,,61.0,,,
Megaloceros,giganteus,antecedens,SMNS11962,Murr,M,Stuttgart,continental,M. g. antecedens,,,,,,,,,,,,,,,,,,,205,,,,,,,,,,,,,,,,,,,,,,,
Megaloceros,giganteus,paleosilvestris,KKM-51/129,Komissarovo,M,Kemerovo,continental,Komissarovo,353.5,485.5,174,,,132,179.5,,198,198.6,107,88.9,149,,,101,238,,215,130,,,,,,,,172,35.8,,,,,56.0,,60.8,,,60.5,,75.3,49.8
Megaloceros,giganteus,pavlodariensis,Shpanskiy 2014,Grigorievka,M,Pavlodar,continental,Grigorievka,,,150,84.6,68,170,,,200,,116,,127,,,,,,,119,,57,190,275,,130,,,,,91.5,49.8,,,,,80.4,,,,63.5,
Megaceroides,algericus,algericus,nn,Guyotville,M,MNHN,continental,M. algericus,255,310,91.4,54.1,42.6,55,163.6,,162,,,,,110.5,73.8,81.8,,193.3,177.8,121.7,,57.2,114,150,122.5,85,290,,29.5,48.4,143.2,98.4,33.3,63.5,43.3,69.7,78.7,33.3,68.4,52.0,,
Megaceroides,algericus,algericus,1924-11,Ain Titmellil,M,MNHN,continental,M. algericus,,,,,,,,,147,,68.3,,90,,,,,158,190,114.8,52.1,,105.6,,,,,,,,,,,,,,,,60.4,,61.2,35.9
Praemegaceros,pliotarandoides,pliotarandoides,KM-388,Tamani,M,Krasnodar,continental,P. pliotarandoides,,,,,,,,136,172.6,,93,75,110,,,,,202,170,127.4,70,,,,143.8,101.5,,,,,125.5,,,,,,,,74.9,,63.7,54.7
Praemegaceros,pliotarandoides,pliotarandoides,IGF3980,Tuscany,M,Florence,continental,P. pliotarandoides,,,,,,,,,164.4,131,90.3,79.3,112,,,,,,163.6,120.8,64.6,,,,,86.2,,,,,140.1,,,,,,,,73.8,,68.1,55.2
Praemegaceros,verticornis,verticornis,M49429,England,M,NHML,continental,P. verticornis,,,,,,,,,160,,98.7,72,108.2,,,,,,188,141.8,75,,,,,111,,,,,127.7,,,,,,,,75.4,,67.6,52.5
Praemegaceros,verticornis,verticornis,TIR1/146,Tiraspol,M,Chi?in?u,continental,P. verticornis,,,,,,,,,183.3,,101.2,74.8,112.2,,,,,,183.4,126,68.4,,,,,102.7,,,,,122.7,,,,,,,,68.7,,61.2,55.2
Praemegaceros,verticornis,verticornis,SUC1/229,Sucleia,M,Chi?in?u,continental,P. verticornis,,,,,,,,,179.8,,104.5,,108.3,,,,,,,132.6,,,,,,138,,,,,96.1,,,,,,,,,,60.2,
Praemegaceros,verticornis,verticornis,TIR1/83,Tiraspol,M,Chi?in?u,continental,P. verticornis,,,,,,,,,156.2,,87,,101.3,,,,,,162.2,118.3,,,,,,93,,,,,127.2,,,,,,,,72.9,,64.9,53.6
Praemegaceros,verticornis,verticornis,Samml. d. Verfassers,Suessenborn,M,,continental,P. verticornis,,,,,,,,,190,,100,,,,,,,,188,117,,,,,,117,,,,,100.0,,,,,,,,62.2,,,53.2
Praemegaceros,verticornis,verticornis,Museum Weimar,Suessenborn,M,Weimar,continental,P. verticornis,,,,,,,,,,,,,,,,,,,177,125,,,,,,105,,,,,119.0,,,,,,,,70.6,,,
Praemegaceros,verticornis,verticornis,32863/29,Mosbach,M,Stuttgart,continental,P. verticornis,,,,,,,,,,,,,,,,,,,124.4,102.5,,,,,,84.7,,,,,121.0,,,,,,,,82.4,,,
Praemegaceros,mosbachensis,mosbachensis,Museum Mainz,Mosbach,M,Mainz,continental,P. mosbachensis,,,,,,,,,177,,102,,,,,,,,182,127,,,,,,104,,,,,122.1,,,,,,,,69.8,,,56.0
Praemegaceros,sp.,ssp.,ALX-7131,Alexandria,M,Alexandria,continental,Alexandria,,,,,,,,,,,,,,,,,,,142.4,111.5,,,,,,,,,,,,,,,,,,,78.3,,,
Praemegaceros,obscurus,obscurus,IGF4024,Pietrafitta,M,Florence,continental,P. obscurus,341,475,141.8,84.1,61.3,143,200,123,,,,,,111,73.4,,,,,,61.5,,,270,140,,,188.4,29.9,56.8,,58.8,,,32.6,,72.9,,,,,
Praemegaceros,obscurus,obscurus,CEY-3947,Ceyssaguet,,MMSH,continental,P. obscurus,,,,81.6,,,,,,,,,,,,,,,,,,,,,,,,,,,,,,,,,,,,,,
Praemegaceros,obscurus,obscurus,RS-1,Rotbav-Silvestru,M,Bucharest,continental,P. obscurus,,,,,,,,,,,,,,,,,,,160,,,,,,,,,,,,,,,,,,,,,,,
Praemegaceros,obscurus,obscurus,RS-2,Rotbav-Silvestru,M,Bucharest,continental,P. obscurus,,,,,,,,,,,,,,,,,,,142.7,112,,,,,,,,,,,,,,,,,,,78.5,,,
Praemegaceros,obscurus,obscurus,53/1,Farladeni,M,Chi?in?u,continental,P. obscurus,,,,,,,,,135,135,83.1,,,,,,,,142.3,120,,,,,,,,,,,,,,,,,,,84.3,,,58.4
Praemegaceros,obscurus,obscurus,52/430,Salcia,M,Chi?in?u,continental,P. obscurus,,,,,,,,,,,,,,,,,,,156.6,,,,,,,,,,,,,,,,,,,,,,,
Praemegaceros,obscurus,obscurus,nn,Grigorovca,M,Mus.NH Chisianu,continental,P. obscurus,,,,,,,,,161.1,,88.3,65.3,103.9,,,,,,153.1,116.5,,,,,,107,,,,,108.9,,,,,,,,76.1,,64.5,57.7
Praemegaceros,obscurus,obscurus,IGF13742,Petrignano,M,Florence,continental,P. obscurus,,,,,,,,,158.8,,86,64,92,,,,,168.6,149.4,114.6,67.3,,,,141.9,94,,,,,121.9,,,,,,,,76.7,,57.9,57.6
Praemegaceros,solilhacus,solilhacus,2003-4-411-SOL,Soleilhac,,Le Puy-en-Velay,continental,P. solilhacus,,,,,,,,,175,,101.6,72.2,114,,,,,,,,70.3,,,,,,,,,,,,,,,,,,,,65.1,
Praemegaceros,solilhacus,solilhacus,2003-4-421-SOL,Soleilhac,,Le Puy-en-Velay,continental,P. solilhacus,,,135,81.1,57.8,,,,,,,,,,,,,,,,,,,,,,,,,,,,,,,,71.3,,,,,
Praemegaceros,solilhacus,solilhacus,2003-4-423-SOL,Soleilhac,,Le Puy-en-Velay,continental,P. solilhacus,,,132.8,81,60.2,,,,,,,,,,,,,,,,,,,,,,,,,,,,,,,,74.3,,,,,
Praemegaceros,venta,micena,VM-82.C.124,Venta Micena,M,Menendez 1987,continental,Venta Micena,,,,,,,,,,158.9,92.3,,,,,,,,,111.3,,,,,,106.3,,,,,104.7,,,,,,,,,,,
Candiacervus,ropalophorus,ropalophorus,1972 XIX 1,Crete,F,Schilling & Roessner 2021,insular,C. ropalophorus,152.5,213.3,67.7,40.4,29.3,60.8,84.3,,72.6,,46.1,35.3,54.4,67,51,30.7,97.8,78.5,,65,25,27.5,58,63,76,64.1,166,73,31.7,29.5,101.4,66.4,42.0,47.6,43.9,,72.5,42.0,,76.0,74.9,
Candiacervus,ropalophorus,ropalophorus,1972 XIX 5,Crete,,Schilling & Roessner 2021,insular,C. ropalophorus,,,63.7,35.8,29,,,,,,,,,,,,,,,,,,,,,,,,,,,,,,,,81.0,,,,,
Candiacervus,ropalophorus,ropalophorus,1972 XIX 7,Crete,M,Schilling & Roessner 2021,insular,C. ropalophorus,,,,,,,,,,,,,,,,,,,,,,31.2,,,,,,,,,,,,,,,,,,,,
Candiacervus,ropalophorus,ropalophorus,1972 XIX 200 ,Crete,M,Schilling & Roessner 2021,insular,C. ropalophorus,,,,42.1,,,,,,,,,,,,,,,54.1,62.6,,27.8,59,,,61,,,,,102.6,#REF!,,,,,,,115.7,,,
Candiacervus,ropalophorus,ropalophorus,1972 XIX 201,Crete,F,Schilling & Roessner 2021,insular,C. ropalophorus,,,62.9,33.8,27.6,,,,,,,,,,,25.7,,,,,,29.5,,,,,,58.5,,,,,,,,,65.6,,,,,
Candiacervus,ropalophorus,ropalophorus,1972 XIX 202,Crete,F,Schilling & Roessner 2021,insular,C. ropalophorus,144,,67.1,40.4,26.2,,79,,61,,44.3,32,47.3,59.4,41.2,27,,,,61.3,22.2,26.6,61,,,65,,60,,,94.3,,45.1,42.4,41.3,,77.5,45.1,,82.3,77.5,
Candiacervus,ropalophorus,ropalophorus,1972 XIX 203,Crete,M,Schilling & Roessner 2021,insular,C. ropalophorus,,,,42.1,,,,,71.2,,42.3,34,47,,,,,66,57.4,62.6,20.3,28.2,57,,56,61.6,,,,,101.6,,,,,,,,109.1,,66.0,73.7
Candiacervus,ropalophorus,ropalophorus,1972 XIX 204,Crete,F,Schilling & Roessner 2021,insular,C. ropalophorus,135,,58.7,37.4,28.1,,76,,69.4,,45.8,31,46.7,57.8,39,,,65,,62.4,21,29,56.5,,53.3,62.4,,,,,100.0,,46.2,51.4,42.8,,75.1,46.2,,82.1,67.3,
Praemegaceros,cazioti,cazioti,MMSH,Corsica,M,MMSH,insular,P. c. cazioti,184.3,304,87,49.7,40.2,84.9,134.6,,110,79.4,60,43.5,69,87.3,61,53.5,147.2,,112.3,87.9,,37.9,,153.5,93.1,,,,28.6,50.5,,58.5,,59.7,47.4,60.9,80.9,,78.3,,62.7,53.4
Praemegaceros,cazioti,cazioti,COS-6930,Coscia,M,MMSH,insular,P. c. cazioti,185.3,,89.7,55.7,33.6,,129.6,,113.6,,65.6,45,69.3,87.2,56.5,48.6,,,115.3,87.2,,43,96.2,,,76.2,,,,,114.4,,41.1,61.3,47.1,62.2,60.3,41.1,75.6,58.8,61.0,56.9
Praemegaceros,cazioti,cazioti,COS-18372,Coscia,M,MMSH,insular,P. c. cazioti,170.8,294,80.6,46.8,36,89.3,124,84,107.6,,54.1,46.6,71.1,82.8,59,49.7,,,,82.5,37,41.4,,,,71.1,,,27.4,,116.0,52.4,41.6,63.0,48.5,,76.9,41.6,,57.3,66.1,
Praemegaceros,cazioti,cazioti,COS-2547,Coscia,M,MMSH,insular,P. c. cazioti,175.5,,84.8,50.5,36.5,,125,,107.1,,56.1,46.3,67.1,,,,,,104.3,82.7,40.3,41,90,,,78,,,,,106.0,,44.4,61.0,,59.4,72.3,44.4,79.3,62.4,62.7,53.8
Praemegaceros,cazioti,cazioti,COS-17387,Coscia,M,MMSH,insular,P. c. cazioti,,,88.3,51,39.7,93.8,,,,,,,,,,,,,122,,,,,,,,,,,,,54.4,,,,,77.8,,,,,
Praemegaceros,cazioti,algarensis,Caloi&Malatesta,Sardinia,M,La Sapienza,insular,P. c. algarensis,,300,101,62,45,,,,,,,,77,,,,,124,,,,44,,,,,,,33.7,,,,,,,,72.6,,,,,
Praemegaceros,cazioti,algarensis,Alghero-nn,Alghero,M,La Sapienza,insular,P. c. algarensis,190,,107.1,64.5,46,,125.5,,110.3,97.2,64.4,54.1,,,63.4,,,128.6,121,85.5,42.7,43,117,,107.6,88,,,,,97.2,,46.3,58.1,,63.7,71.3,46.3,70.7,70.1,,53.2
Eucladoceros,dicranios,dicranios,IGF270,Upper Valdarno,M,Florence,continental,E. dicranios,283,,119.7,71.7,54.5,,180,,150,108.5,77.9,62.5,90.9,118.1,78,,177.3,160.7,149.1,109.2,58,53.8,126,,131.8,92.5,,151.5,,,118.1,,32.7,53.0,41.7,52.7,76.0,32.7,73.2,51.4,60.6,52.2
Eucladoceros,dicranios,dicranios,IGF255,Upper Valdarno,M,Florence,continental,E. dicranios,,,125,75.7,56,,,,,,,,92.5,118.4,75.4,,,,140.4,110.5,53.7,,130,,113.7,95,,,,,116.3,,,,,,74.0,,78.7,,,
Eucladoceros,dicranios,dicranios,LIV-1600,Liventzovka,M,Rostov/Don,continental,E. dicranios,,,,,,,,,,,,,,,,,,,150,,,,,,,,,,,,,,,,,,,,,,,
Eucladoceros,dicranios,dicranios,LIV-1218,Liventzovka,M,Rostov/Don,continental,E. dicranios,,,,,,,,,130,,76.5,,84.5,,,,,,125.2,105,51.4,,,,,87,,,,,120.7,,,,,,,,83.9,,65.0,61.1
Eucladoceros,ctenoides,ctenoides,IGF369,Upper Valdarno,M,Florence,continental,E. c. ctenoides,,,,,,,,,,,,,,,,,,,154.6,113.4,,,,,,,,,,,,,,,,,,,73.4,,,
Eucladoceros,ctenoides,vireti,FSL497901,Saint-Vallier,,Lyon,continental,E. c. vireti,,,113.7,63.5,53.5,105,,,,,,,,111.2,76,,,,,,,,,240,,,,145.5,,,,60.5,,,,,84.3,,,,,
Eucladoceros,ctenoides,olivolanus,IGF1363,Olivola,M,Florence,continental,E. c. olivolanus,,,,,,,,119.6,140.4,115.7,81.4,61.4,90.8,,,,,,130,101.7,52.3,,95,,,77.6,,,,,131.1,,,,,,,,78.2,,64.7,62.6
Eucladoceros,ctenoides,olivolanus,IGF1367,Olivola,,Florence,continental,E. c. olivolanus,,,,73,,,,,,,,,,,,,,,,,,,,,,,,,,,,,,,,,,,,,,
Eucladoceros,ctenoides,olivolanus,IGF1400,Olivola,,Florence,continental,E. c. olivolanus,,,,82.4,,,,,,,,,,,,,,,,,,,,,,,,,,,,,,,,,,,,,,
Eucladoceros,ctenoides,olivolanus,IGF1369,Olivola,,Florence,continental,E. c. olivolanus,,,,77,,,,,,,,,,,,,,,,,,,,,,,,,,,,,,,,,,,,,,
Eucladoceros,ctenoides,olivolanus,IGF1475,Olivola,,Florence,continental,E. c. olivolanus,,,,76.8,,,,,,,,,,,,,,,,,,,,,,,,,,,,,,,,,,,,,,
Eucladoceros,ctenoides,senezensis,CHIL2011-3-989,Chilhac,M,Chilhac,continental,E. c. senezensis,,,,,,,,,138.5,,76.3,,85,,,,,176,127.3,,41.8,,,,,,,,,,,,,,,,,,,,61.4,59.9
Eucladoceros,ctenoides,senezensis,CHIL2011-1-101,Chilhac,M,Chilhac,continental,E. c. senezensis,,,,,,,,,146.2,,79.3,,92.2,,,,,,132.7,101.7,44,,,,,89.7,,,,,113.4,,,,,,,,76.6,,63.1,59.8
Eucladoceros,ctenoides,senezensis,CHIL2011-4-23,Chilhac,,Chilhac,continental,E. c. senezensis,,,119.5,68,55.7,,,,,,,,,,,,,,,,,,,,,,,,,,,,,,,,81.9,,,,,
Eucladoceros,ctenoides,senezensis,FSL86128,Seneze,M,Lyon,continental,E. c. senezensis,319.5,,129.5,77,57.5,143,190,,132.3,89.3,76,49,86,108.2,94.7,62.5,169,157,132.7,160.2,,47.6,,,152,118,,,,,135.8,53.8,36.9,41.4,33.9,41.5,74.7,36.9,120.7,62.1,65.0,57.3
Eucladoceros,ctenoides,senezensis,FSL96131,Seneze,M,Lyon,continental,E. c. senezensis,273.8,,113.8,68.7,50,,160,,125.3,94,68.1,51,81.3,85.9,51,,,148.5,123.2,98.1,,49.1,,,118,102,,,,,96.2,,37.3,45.8,31.4,45.0,72.8,37.3,79.6,63.8,64.9,55.3
Eucladoceros,ctenoides,senezensis,exposition,Seneze,M,MNHN,continental,E. c. senezensis,302.9,438,123.5,73,53.5,,179.4,103.2,135,105,74.2,50,84.2,112.2,71.8,68,,158,136.7,107,49.5,58.3,117,253,128,103,,,28.2,57.8,103.9,,34.0,44.6,37.0,45.1,73.3,34.0,78.3,57.4,62.4,54.3
Eucladoceros,ctenoides,senezensis,1922-3,Seneze,M,MNHN,continental,E. c. senezensis,297,,125.5,70,56,,,,154.5,,,,,,,,188.3,,,,,,,,,,,,,,,,,52.0,,,80.0,,,,,
Eucladoceros,ctenoides,senezensis,1921-9,Seneze,,MNHN,continental,E. c. senezensis,,,,74.3,,,,,,,,,,,,,,,,,,,,,,,,,,,,,,,,,,,,,,
Eucladoceros,ctenoides,senezensis,FSL210682,Seneze,,Lyon,continental,E. c. senezensis,,,129,76.3,55,,,,,,,,,,,,,,,,,,,,,,,,,,,,,,,,72.1,,,,,
Eucladoceros,ctenoides,senezensis,FSL210682,Seneze,,Lyon,continental,E. c. senezensis,,,132.7,76.4,59,,,,,,,,,,,,,,,,,,,,,,,,,,,,,,,,77.2,,,,,
Eucladoceros,ctenoides,senezensis,FSL210664,Seneze,,Lyon,continental,E. c. senezensis,,,112.3,66.6,46.8,,,,,,,,,,,,,,,,,,,,,,,,,,,,,,,,70.3,,,,,
Eucladoceros,ctenoides,senezensis,FSL210663,Seneze,,Lyon,continental,E. c. senezensis,,,111.7,66.1,50,,,,,,,,,,,,,,,,,,,,,,,,,,,,,,,,75.6,,,,,
Eucladoceros,ctenoides,senezensis,NN,Seneze,,Lyon,continental,E. c. senezensis,,,,,54,,,,,,,,,,,,,,,,,,,,,,,,,,,,,,,,,,,,,
Eucladoceros,ctenoides,senezensis,NN,Seneze,,Lyon,continental,E. c. senezensis,,,118.5,70.3,53,,,,,,,,,,,,,,,,,,,,,,,,,,,,,,,,75.4,,,,,
Eucladoceros,ctenoides,ceyssaguetensis,CEY-7481,Ceyssaguet,,MMSH,continental,E. ctenoides,,,,76.4,,,,,,,,,,,,,,,,,,,,,,,,,,,,,,,,,,,,,,
Eucladoceros,ctenoides,ceyssaguetensis,CEY-7481,Ceyssaguet,,MMSH,continental,E. ctenoides,,,,75.8,,,,,,,,,,,,,,,,,,,,,,,,,,,,,,,,,,,,,,
Eucladoceros,ctenoides,ceyssaguetensis,CEY-14360,Ceyssaguet,,MMSH,continental,E. ctenoides,,,,76.7,,,,,,,,,,,,,,,,,,,,,,,,,,,,,,,,,,,,,,
Eucladoceros,ctenoides,ceyssaguetensis,CEY-8874,Ceyssaguet,,MMSH,continental,E. ctenoides,,,105,61,51,,,,,,,,,,,,,,,,,,,,,,,,,,,,,,,,83.6,,,,,
Eucladoceros,ctenoides,ceyssaguetensis,CEY-5954,Ceyssaguet,,MMSH,continental,E. ctenoides,,,127.7,73.9,57.8,,,,,,,,,,,,,,,,,,,,,,,,,,,,,,,,78.2,,,,,
Eucladoceros,ctenoides,ceyssaguetensis,CEY-3026,Ceyssaguet,,MMSH,continental,E. ctenoides,,,112.8,65.8,49.8,,,,,,,,,,,,,,,,,,,,,,,,,,,,,,,,75.7,,,,,
Eucladoceros,ctenoides,ceyssaguetensis,CEY-2993,Ceyssaguet,,MMSH,continental,E. ctenoides,,,115,66.9,50.8,,,,,,,,,,,,,,,,,,,,,,,,,,,,,,,,75.9,,,,,
Eucladoceros,ctenoides,ceyssaguetensis,CEY-15032,Ceyssaguet,,MMSH,continental,E. ctenoides,,,,70,,,,,,,,,,,,,,,,,,,,,,,,,,,,,,,,,,,,,,
Eucladoceros,ctenoides,ceyssaguetensis,CEY-7684,Ceyssaguet,,MMSH,continental,E. ctenoides,,,,66.4,,,,,,,,,,,,,,,,,,,,,,,,,,,,,,,,,,,,,,
Eucladoceros,ctenoides,ceyssaguetensis,CEY-12448,Ceyssaguet,,MMSH,continental,E. ctenoides,,,,67.8,,,,,,,,,,,,,,,,,,,,,,,,,,,,,,,,,,,,,,
Eucladoceros,ctenoides,ceyssaguetensis,CEY-7217,Ceyssaguet,M,MMSH,continental,E. ctenoides,,,130.4,79.3,58.3,,174,123.2,139.2,,88.6,65.9,97.5,121.9,81,,181,155.6,132.3,91.36,66,52.8,,,133,100,,,,,91.4,,,,,,73.5,,69.1,57.5,70.0,67.0
Eucladoceros,ctenoides,ceyssaguetensis,CEY-7217,Ceyssaguet,M,MMSH,continental,E. ctenoides,,,,78.3,,,,,,,,,,,,,,,,,,,,,,,,,,,,,,,,,,,,,,
Eucladoceros,ctenoides,ceyssaguetensis,CEY-8194,Ceyssaguet,,MMSH,continental,E. ctenoides,,,121.2,72.8,54,,,,,,,,,,,,,,,,,,,,,,,,,,,,,,,,74.2,,,,,
Eucladoceros,ctenoides,ceyssaguetensis,CEY-8194,Ceyssaguet,,MMSH,continental,E. ctenoides,,,120.8,74.4,51.6,,,,,,,,,,,,,,,,,,,,,,,,,,,,,,,,69.4,,,,,
Eucladoceros,ctenoides,ceyssaguetensis,CEY-5681,Ceyssaguet,,MMSH,continental,E. ctenoides,,,,,,,,,,,,54.4,89.4,,,,,,,,,,,,,,,,,,,,,,,,,,,,,
Eucladoceros,ctenoides,ceyssaguetensis,CEY-10590,Ceyssaguet,F,MMSH,continental,E. ctenoides,,,120.7,76.6,51.3,,,,,,,,,,,,,,,,,,,,,99,,,,,,,,,,,67.0,,,,,
Eucladoceros,ctenoides,ceyssaguetensis,CEY-10590,Ceyssaguet,F,MMSH,continental,E. ctenoides,,,121.5,74.4,53.7,,,,,,,,,,,,,,,,,,,,,,,,,,,,,,,,72.2,,,,,
Orchonoceros,gromovi,gromovi,3381-130,Olhorn,M,PIN,continental,O. gromovi,,,,,,,,,126,,73,,67.2,,,,,,114,94.7,,,,,,87.2,,,,,108.6,,,,,#REF!,,,#REF!,,53.3,64.0
"""Eucladoceros""",montenegrensis,montenegrensis,van der Made & Dmitrijevic 2015,Trlika,,,continental,"""E. montenegrensis""",,,,,,,,,140,,90,,,,,,,,,,,,,,,,,,,,,,,,,,,,,,,
Praedama,giulii,giulii,IQW 1992/23910,Untermassfeld,F,Breda et al. 2020,continental,P. giulii,304,444,115.6,74.4,46.3,140,188.4,,,137,85.5,,,138.1,93.8,,175,172.2,,102.5,,57,111.6,275,,102.8,342.5,153,26.0,61.9,99.7,53.1,33.8,,45.4,,62.2,33.8,,54.6,,
Praedama,savini,savini,M6303,Trimmingham,M,NHML,continental,P. savini,,,,,,,,,156,,90,57.4,92.7,,,,,,153.6,109.1,,61.6,,,,108.2,,,,,100.8,,,,,,,,71.0,,59.4,58.6
Praedama,savini,savini,M630I,Forest Bed,M,NHML,continental,P. savini,,,,,,,,,,,,,,,,,,,,122.6,,,,,,,,,,,,,,,,,,,,,,
Praedama,savini,savini,TIR-1/477,Tiraspol,M,IZ Chisinau,continental,P. savini,,,,,,,,106,143,,81,60,94,,,,,,130,109,,,,,,105,,,,,103.8,,,,,,,,83.8,,65.7,62.3
Praedama,giulii,giulii,SPR-66,Saint-Prest,M,MNHN,continental,P. giulii,,,,,,,,,,,,,,,,,,,157.4,112,,,,,,,,,,,,,,,,,,,71.2,,,
Praedama,gigans,gigans,APL-274,Apollonia-1,M,Thesaloniki,continental,P. gigans,,,157.1,95.1,71.9,,,,,,,,,,,,,,,,,,,,,,,,,,,,,,,,75.6,,,,,
Dama,dama,dama,47.1.1.4,England,M,NHML,continental,D. dama,193,270,77,47.8,31,77,116.8,78.2,100.4,86,58.4,38.8,65,84.3,55,46.2,118.1,105.4,104.4,77.4,42,45.6,77,144,93,83.8,,,28.5,53.3,92.4,62.1,43.4,52.0,43.7,54.1,64.9,43.4,74.1,71.7,64.7,55.9
Dama,dama,dama,47.12.11.1,England,M,NHML,continental,D. dama,182.7,257,73.5,43.5,29.7,74.3,112.7,75,93.5,80.4,52.3,39.5,62.8,78.4,52.7,43.9,111,98.8,100.4,80,38.7,42.4,72.5,140.3,81.9,73.6,,,28.6,54.6,108.7,58.5,40.3,51.2,42.9,55.0,68.3,40.3,79.7,65.3,67.2,52.1
Dama,dama,dama,1936.11.3.1,Sussex,M,NHML,continental,D. dama,192.2,265,77.1,45.4,31.7,72.8,111.7,76.5,99,83.3,50.3,38.7,63,79.5,52,48.3,110.9,111,102.2,82.3,42.3,43.7,76.5,145.5,86.6,87.3,,,29.1,54.9,94.3,62.4,45.4,51.5,41.4,53.2,69.8,45.4,80.5,78.2,63.6,49.2
Dama,dama,dama,C12058,Italy,M,La Specola,continental,D. dama,194,270,81.7,49.8,34.2,76,112.8,77.4,101,71.2,54.5,39,61,81.2,54,42.8,112.2,92.1,98.6,86.4,45.8,42.8,72.4,145.7,84.7,81,,,30.3,54.0,106.7,65.5,41.8,52.1,41.9,50.8,68.7,41.8,87.6,71.8,60.4,55.3
Dama,dama,dama,C12061,Italy,M,La Specola,continental,D. dama,188.3,271,83,50,36.4,82.7,105.3,,,,,,,,,,,,99.3,81.6,32.6,48.3,77.1,153,,85,235,101.3,30.6,56.5,96.0,60.5,45.1,,,52.7,72.8,45.1,82.2,80.7,,
Dama,dama,dama,C12063,Italy,M,La Specola,continental,D. dama,177.5,245,81,48.5,35,67.5,99.2,72.9,89.5,65.5,51.2,39,59.8,76.6,48.5,38,,82,91.8,74.4,36,42,64,133.5,68.3,78,,,33.1,54.5,95.4,71.9,43.9,50.4,43.2,51.7,72.2,43.9,81.0,78.6,66.8,55.8
Dama,dama,dama,C12059,Italy,M,La Specola,continental,D. dama,182.3,260,76,46.5,33.8,77.7,110.5,71.4,94,52.3,76.8,34.9,56.6,82,55.6,42.8,112.7,92,93,77.4,40.7,43,66.5,136,81.3,79,202,86.3,29.2,52.3,98.0,59.8,43.3,51.6,45.0,51.0,72.7,43.3,83.2,71.5,60.2,82.6
Dama,dama,dama,C1262,Italy,M,La Specola,continental,D. dama,190,265,84.7,51.5,38,75,108.5,75,93.6,,54.1,39.3,59.4,83,53.8,43.1,,97.6,100.7,78,40.8,39.8,74,149,83.7,83,,,32.0,56.2,94.0,68.7,43.7,49.3,43.7,53.0,73.8,43.7,77.5,76.5,63.5,53.7
Dama,dama,dama,C12202,Italy,F,La Specola,continental,D. dama,183.8,260,79.3,49,34.9,76.2,102.4,,85,,,35.4,,78.2,49.3,40.3,,81,,71.3,,40.4,65.1,144.6,75.8,77.6,,,30.5,55.6,91.9,64.3,42.2,46.2,42.5,,71.2,42.2,,75.8,,
Dama,dama,dama,67.4.12.24,Anatolia,F,NHML,continental,D. dama,159.7,228,73,43.4,31,68.3,87.1,65,81,68.3,48.2,35.4,56.7,73,43.4,32,100.6,81.5,,71.5,32.7,40,66,127,73.3,72.3,,,32.0,55.7,98.9,63.5,45.3,50.7,45.7,,71.4,45.3,,83.0,70.0,
Dama,dama,dama,1937.3.10.2,England,F,NHML,continental,D. dama,169.1,240,75.2,44.8,30.5,70.9,97,66.3,80.1,67.8,48.5,34.2,53.8,77,46.6,38.7,101.5,86.3,,69,34.2,39.7,70,135,74,71.8,,,31.3,56.3,96.1,63.2,42.5,47.4,45.5,,68.1,42.5,,74.0,67.2,
Dama,dama,dama,1937.6.9.1,England,F,NHML,continental,D. dama,168.9,235,78.6,48.1,32,66.1,91.7,65.5,83,70.1,49,34.6,55.1,74,46,39,99.1,88.2,,72.9,34.1,39.5,66,132,73,71.7,,,33.4,56.2,101.7,72.8,42.5,49.1,43.8,,66.5,42.5,,78.2,66.4,
Dama,dama,dama,693-q,Germany,F,NHML,continental,D. dama,166.5,245,69.8,42.7,27.8,78.5,100,69.1,83.8,,50.7,37.4,58.5,,,,100.8,90.5,,73,,43.2,60.5,135.8,73,73.5,,,28.5,55.4,99.3,54.4,44.1,50.3,,,65.1,44.1,,73.5,69.8,
Pseudodama,sp.,ssp.,IGF14204,Upper Valdarno,,Florence,continental,"""Pseudodama""",,,,52.3,,,,,,,,,,,,,,,,,,,,,,,,,,,,,,,,,,,,,,
Pseudodama,sp.,ssp.,IGF8930v,Upper Valdarno,,Florence,continental,"""Pseudodama""",,,,47.1,,,,,,,,,,,,,,,,,,,,,,,,,,,,,,,,,,,,,,
Pseudodama,sp.,ssp.,IGF8928,Upper Valdarno,,Florence,continental,"""Pseudodama""",,,,51.6,,,,,,,,,,,,,,,,,,,,,,,,,,,,,,,,,,,,,,
Pseudodama,sp.,ssp.,IGF8927,Upper Valdarno,,Florence,continental,"""Pseudodama""",,,,50.4,,,,,,,,,,,,,,,,,,,,,,,,,,,,,,,,,,,,,,
Pseudodama,sp.,ssp.,IGF8926,Upper Valdarno,,Florence,continental,"""Pseudodama""",,,84,50.8,33.2,,,,,,,,,,,,,,,,,,,,,,,,,,,,,,,,65.4,,,,,
Dama,eurygonos,eurygonos,IGF245,Upper Valdarno,M,Florence,continental,D. eurygonos,,,,,,,,,,,,,,,,,,,105.5,89.5,,,,,,,,,,,,,,,,,,,84.8,,,
Dama,eurygonos,eurygonos,IGF244,Upper Valdarno,M,Florence,continental,D. eurygonos,,,,,,,,,,,,,,71.7,,,,,96.2,75.4,,,,,,,,,,,,,,,,,,,78.4,,,
Dama,eurygonos,eurygonos,IGF260 sin,Upper Valdarno,F,Florence,continental,D. eurygonos,,,76.6,46.4,28.2,,,,,,,,,,,,,,,,,,,,,,,,,,,,,,,,60.8,,,,,
Dama,eurygonos,eurygonos,IGF260 dx,Upper Valdarno,F,Florence,continental,D. eurygonos,,,,47.2,,,,,,,,,,,,,,,,,,,,,,,,,,,,,,,,,,,,,,
Dama,eurygonos,eurygonos,IGF2847v,Selvella,,Florence,continental,D. eurygonos,,,,,,,,,,,,,,,,,,,,,,,,,,,,,,,,,,,,,,,,,,
Dama,eurygonos,eurygonos,IGF13962,Petrignano,M,Florence,continental,D. eurygonos,,,,,,,,,106.7,,60.7,41.3,66.6,,,,,,108.9,83.2,,,,,,74,,,,,112.4,,,,,,,,76.4,,62.4,55.7
Dama,vallonnetensis,azzarolii,IGF-I,Pirro Nord,M,Florence,continental,Pirro Nord,189.3,265,84,50.5,36,75.7,111.1,73.3,88.9,,53.3,39.3,57.7,68.5,50.3,,,99.7,88.7,74.6,38.8,40.2,80.5,148,80.5,83.2,,,31.7,55.8,89.7,66.7,44.0,47.0,36.2,46.9,71.3,44.0,84.1,74.9,64.9,60.1
Dama,vallonnetensis,azzarolii,IGF-II,Pirro Nord,M,Florence,continental,Pirro Nord,,,83,50.2,35.2,,110.2,78.8,,,,,,77.6,54.3,44,,,,,38.2,,,,81.2,84.8,,,,,,,,,,,70.1,,,77.0,,
Dama,clactoniana,clactoniana,Sw71 Nos.64+64,Swanscombe,M,NHML,continental,D. clactoniana,,,92.7,,,99,,,,,,,,,,,,131,,,,,,190,,,,,,,,,,,,,,,,,,
Dama,clactoniana,clactoniana,BM16349,Swanscombe,M,NHML,continental,D. clactoniana,,,94,59,38.8,,,,,,,,,,,50,,,,,,,,218,,,,,,,,,,,,,65.8,,,,,
Dama,clactoniana,clactoniana,BM16349,Swanscombe,M,NHML,continental,D. clactoniana,,,94.7,59.3,39.1,,,,,,,,,,,,,,,,,,,,,,,,,,,,,,,,65.9,,,,,
Metacervocerus,rhenanus,rhenanus,FSL496536,St. Vallier,M,Lyon,continental,M. rhenanus,176.7,253,74.8,44.5,33.3,76.3,114.1,,86.7,65.6,50.7,34,56,63.4,47.3,,,90,85.4,75.9,30.5,39.5,82,135,78.8,68.5,,,29.6,53.4,110.8,58.3,38.8,49.1,35.9,48.3,74.8,38.8,88.9,60.0,64.6,59.4
Metacervocerus,rhenanus,rhenanus,FSL210638,Seneze,F,Lyon,continental,M. rhenanus,200,283,88,50.7,39.3,83,118.3,73,73,,51.8,38.7,62.8,69,,36,,,,,36.7,45,68,161,85,75,,,31.1,56.9,,61.1,37.5,36.5,34.5,,77.5,37.5,,63.4,86.0,
Metacervocerus,rhenanus,rhenanus,FSL210774,Seneze,M,Lyon,continental,M. rhenanus,,,85.1,50.8,38,,,,,,,,,,,,,,98,72.5,,,84,,90,82.5,,,,,87.9,,,,,,74.8,,74.0,,,
Metacervocerus,rhenanus,rhenanus,CEY-8898,Ceyssaguet,M,MMSH,continental,M. rhenanus,,,88.6,49.5,42.4,,,,,,,,,,,,,,,,,,,,,,,,,,,,,,,,85.7,,,,,
Metacervocerus,rhenanus,rhenanus,CEY-2318 sin,Ceyssaguet,M,MMSH,continental,M. rhenanus,,,86.8,51.4,37.8,,,,,,,,,78.5,54,,,115,98.8,82.8,,,,,,,,,,,,,,,,,73.5,,83.8,,,
Metacervocerus,rhenanus,rhenanus,CEY-2318 dx,Ceyssaguet,M,MMSH,continental,M. rhenanus,,,86.6,51.5,38.3,,,,,,,,,,,,,,,,,,,,,,,,,,,,,,,,74.4,,,,,
Metacervocerus,rhenanus,rhenanus,CEY-15194,Ceyssaguet,M,MMSH,continental,M. rhenanus,,,83.8,49.4,37,,,,,,,,,,47.8,,,102.4,104.6,82.2,,42.6,84,,,79.5,,,,,103.4,,,,,,74.9,,78.6,,,
Metacervocerus,rhenanus,rhenanus,CEY-11217,Ceyssaguet,M,MMSH,continental,M. rhenanus,,,,,,,,,97,,58,45,66.7,,,,,104.3,103.1,77.7,41.1,,,,,74.3,,,,,104.6,,,,,,,,75.4,,68.8,56.3
Metacervocerus,rhenanus,rhenanus,CEY-8398,Ceyssaguet,,MMSH,continental,M. rhenanus,,,88.6,49.5,42.4,,,,,,,,,,,,,,,,,,,,,,,,,,,,,,,,85.7,,,,,
Metacervocerus,rhenanus,rhenanus,CEY-14393,Ceyssaguet,,MMSH,continental,M. rhenanus,,,,49.7,,,,,,,,,,,,,,,,,,,,,,,,,,,,,,,,,,,,,,
Metacervocerus,rhenanus,rhenanus,CEY-14603,Ceyssaguet,,MMSH,continental,M. rhenanus,,,,51.8,,,,,,,,,,,,,,,,,,,,,,,,,,,,,,,,,,,,,,
Metacervocerus,rhenanus,rhenanus,CEY-2176bis,Ceyssaguet,,MMSH,continental,M. rhenanus,,,,49.6,,,,,,,,,,,,,,,,,,,,,,,,,,,,,,,,,,,,,,
Metacervocerus,rhenanus,ssp.,Nr.161,Milcovu din Vale,M,Bucharest,continental,M. rhenanus ssp.,,,,,,,,,119.5,,64.3,,,,,,,,,86.3,,,,,,84,,,,,102.7,,,,,,,,,,,
Dama,eurygonos,eurygonos,VGr-0900,Valea Graunceanului,M,Bucharest,continental,D. eurygonos,,,,,,,,,,,,,,,,,,,102.7,83.5,,,,,,81,,,,,103.1,,,,,,,,81.3,,,
Metacervocerus,pardinensis,ssp.,IGF1408,Montopoli,M,Florence,continental,M. pardinensis,211.8,,84.8,50.7,36.6,,127,,104.3,,50.6,45.7,64.8,,,,,,94,,,,,,91,81,,,,,,,38.2,49.2,,44.4,72.2,38.2,,63.8,62.1,53.8
Axis,axis,axis,67.4.12.240,Asia?,M,NHML,continental,A. axis,180,260,76.8,45,31.4,80,106.1,,87.3,73.2,50.3,37.8,54.8,70.7,59.8,39.6,108,95,91,72,34.7,39.4,73.5,142.7,82.7,72.7,,,29.5,54.9,99.0,56.3,40.4,48.5,39.3,50.6,69.8,40.4,79.1,68.5,62.8,55.3
Axis,axis,axis,697-t,South Germany,M,NHML,continental,A. axis,189.3,266,83.2,53,33.6,76.7,101.7,83.2,83.7,78.4,53.7,42.3,60.5,75.7,56.6,42.8,113.4,87.7,96.3,74.6,37,40.5,75,134.1,81.4,74.2,,,31.3,50.4,100.5,69.1,39.2,44.2,40.0,50.9,63.4,39.2,77.5,73.0,72.3,55.8
Axis,axis,axis,1845.1.8.195,Asia?,F,NHML,continental,A. axis,173.5,252,77,48.7,30.3,78.5,98.3,70.4,79.6,64.7,46.2,37.1,53.7,62,50.5,34.3,101,72.1,,68.1,33,38.5,78.3,142,76.6,70.4,,,30.6,56.3,96.7,62.0,40.6,45.9,35.7,,62.2,40.6,,71.6,67.5,
Axis,axis,axis,C12089,,M,La Specola,continental,A. axis,180,270,80,48.3,31.7,90,100,,,,,,,,,33.2,,,95.6,72.4,,41,88.5,156,,77,,97.2,29.6,57.8,94.0,53.7,42.8,,,53.1,65.6,42.8,75.7,77.0,,
Hyelaphus,porcinus,porcinus,27.12.14.106,Asia,M,NHML,continental,H. porcinus,154.3,225,65.7,43,25.3,70.7,91.3,,93,71,42.5,33.5,53.1,68.2,49.6,33.2,109.8,81,80,64.6,33.3,38,84.3,123,78.3,66.7,,,29.2,54.7,96.9,60.8,43.2,60.3,44.2,51.8,58.8,43.2,80.8,73.1,57.1,53.1
Hyelaphus,porcinus,porcinus,79.11.21.188,Asia,M,NHML,continental,H. porcinus,156.5,220,68.9,41.1,29,63.5,86,,80,65.3,43.4,36.9,53,62,45,28,94.6,63,73.1,62.2,33.8,34,82.2,113,71.8,63.6,,,31.3,51.4,97.8,64.7,40.6,51.1,39.6,46.7,70.6,40.6,85.1,74.0,66.3,59.4
Hyelaphus,porcinus,porcinus,27.2.14.100,Asia,M,NHML,continental,H. porcinus,161,230,68.2,43,26.7,69,90.8,,90.2,66.3,43.8,35.6,55,65.3,49,33.4,104.4,69.7,79.1,68.5,37.7,36,82,123.6,78.2,67.6,,,29.7,53.7,101.3,62.3,42.0,56.0,40.6,49.1,62.1,42.0,86.6,74.4,61.0,55.4
Hyelaphus,porcinus,porcinus,1858.12.102,Ceylon,F,NHML,continental,H. porcinus,133.3,201,58.9,35.8,24.7,67.7,83.3,,74,57.7,39.5,30.6,45,64.1,45,25.7,95.5,61.8,,62.5,27.3,36,77.4,108.6,66.5,61,,,29.3,54.0,102.5,52.9,45.8,55.5,48.1,,69.0,45.8,,73.2,60.8,
Hyelaphus,porcinus,porcinus,206.7.59,Asia,F,NHML,continental,H. porcinus,145.2,210,65.6,39.4,35,64.8,81.1,,72.8,57.4,39.8,32.2,49.3,61.1,46.3,27.7,,,,61.8,29.1,33.7,75,110,67.3,55.2,,,31.2,52.4,112.0,60.8,38.0,50.1,42.1,,88.8,38.0,,68.1,67.7,
Cervus,nippon,nippon,n66.165,England,F,NHML,continental,C. nippon,175.7,247,76.7,44.9,31.4,71.3,95.6,,71.7,65.4,47.8,35.3,52,69.6,46,34.4,100.9,71.5,,66.4,27.6,38.2,75.7,130.4,73,69.4,,,31.1,52.8,95.7,63.0,39.5,40.8,39.6,,69.9,39.5,,72.6,72.5,
Cervus,nippon,nippon,n72.1060,Rashild Boquest,F,NHML,continental,C. nippon,178.9,265,80.3,42.2,36,86.1,100.7,,,71.2,50.3,38,59,78.1,55.1,42.3,114.2,83,,76.5,31.3,39.4,79.7,146,84.2,68,,,30.3,55.1,112.5,49.0,38.0,,43.7,,85.3,38.0,,67.5,,
Cervus,nippon,nippon,"nn, BM",England?,M,NHML,continental,C. nippon,211,295,93.7,54,41,84,181.3,,111,88.3,61.1,47.7,70.5,84,59.7,49.3,130.1,121.2,105.5,84.5,42.9,41.9,102.3,157.4,98.2,79.2,,,31.8,53.4,106.7,64.3,37.5,52.6,39.8,50.0,75.9,37.5,80.1,43.7,63.5,57.9
Cervus,nestii,nestii,IGF363,Upper Valdarno,M,Florence,continental,C. nestii,,,,,,,,,,,,,,,,,,,104.3,,,,,,,,,,,,,,,,,,,,,,,
Cervus,nestii,nestii,IGF243,Figline,M,Florence,continental,C. nestii,175.4,250,80.3,48.1,36,74.6,96.7,,,,,,,,,,,,92.9,79.3,37,,,153,,72.5,210,,32.1,61.2,109.4,64.5,41.3,,,53.0,74.8,41.3,85.4,75.0,,
Cervus,nestii,nestii,IGF222,Upper Valdarno,M,Florence,continental,C. nestii,,,,,,,,,120,,72.7,,79,,,,,,106.1,99.1,,,,,,81.8,,,,,121.1,,,,,,,,93.4,,65.8,68.5
Pseudodama,sp.,ssp.,IGF258,Upper Valdarno,M,Florence,continental,"""Pseudodama""",,,,,,,,,,,,,,74.2,,,,,108.6,83.4,,,105,,,,,,,,,,,,,,,,76.8,,,
Cervus,elaphus,acoronatus,exposition,Tiraspol,M,Mus.NH Chisianu,continental,C. e. acoronatus,,,,,,,,,148,,82.9,,96.6,,,,,,133.3,114.3,44.2,,,,,94,,,,,121.6,,,,,,,,85.7,,65.3,62.2
Cervus,elaphus,acoronatus,exposition,Dubasari,F,GIKM-7996,continental,C. e. acoronatus,,,,,,,,,119.5,106.4,72.7,,86.8,,,,,,,99.3,,,,,,86.3,,,,,115.1,,,,,,,,,,72.6,
Cervus,elaphus,corsicanus,C11932,"Gairo, Sardegna",M,La Specola,insular,C. e. corsicanus,213,320,96,57.2,43,107,117,78,102,87.8,51.1,42.7,66.5,94,59.5,53.2,138,108.7,98.8,88,37.3,47.5,104.4,190.2,97,75.2,280,108.5,30.0,59.4,117.0,53.5,35.3,47.9,44.1,46.4,75.2,35.3,89.1,64.3,65.2,51.7
Cervus,elaphus,siciliae,PC261,Puntali Cave,M,Gliozzi et al. 1993,insular,C. e. siciliae,,,,,,,,65,90,,63.8,,72,,,,,108.3,,86.6,,,,,,76.5,,,,,113.2,,,,,,,,,,80.0,
Cervus,elaphus,siciliae,PC259,Puntali Cave,M,Gliozzi et al. 1993,insular,C. e. siciliae,,,,,,,,64,88.5,,63,,72.5,,,,,106.7,,87.2,,,,,,73.7,,,,,118.3,,,,,,,,,,81.9,
Cervus,elaphus,siciliae,PC267/262,Puntali Cave,M,Gliozzi et al. 1993,insular,C. e. siciliae,,,,,,,,,,,,,,,,,,,,84,,,,,,83.8,,,,,100.2,,,,,,,,,,,
Cervus,elaphus,siciliae,PC263,Puntali Cave,M,Gliozzi et al. 1993,insular,C. e. siciliae,,,,,,,,,,,,,,,,,,113.3,,86,,,,,,81.8,,,,,105.1,,,,,,,,,,,
Cervus,elaphus,siciliae,PC341,Puntali Cave,M,Gliozzi et al. 1993,insular,C. e. siciliae,,,,,,,,66.3,98,,68.5,,77.7,,,,,,,,,,,,,,,,,,,,,,,,,,,,79.3,
Cervus,elaphus,siciliae,PC340,Puntali Cave,M,Gliozzi et al. 1993,insular,C. e. siciliae,,,,,,,,67.6,88,,59.4,,69.4,,,,,,,,,,,,,,,,,,,,,,,,,,,,78.9,
Cervus,elaphus,siciliae,PC257,Puntali Cave,M,Gliozzi et al. 1993,insular,C. e. siciliae,,,,,,,,65,81.5,,63,,70,,,,,110,,89.5,,,,,,83.6,,,,,107.1,,,,,,,,,,85.9,
Cervus,elaphus,siciliae,PC260,Puntali Cave,M,Gliozzi et al. 1993,insular,C. e. siciliae,,,,,,,,63.4,79,,58.7,,68.5,,,,,108.3,,86,,,,,,81,,,,,106.2,,,,,,,,,,86.7,
Cervus,elaphus,siciliae,PC563,Puntali Cave,M,Gliozzi et al. 1993,insular,C. e. siciliae,,,92.5,55.7,37,97,,,,,,,,,,60.5,,,,,,,,,,,,,,,,57.4,,,,,66.4,,,,,
Cervus,elaphus,barbarus,1868-2,Algeria,M,MNHN,continental,C. e. barbarus,228,,101,66.5,51,,118.5,,,,59.7,,,100,75.9,,,,106.3,77.8,,46.7,122,,98,72.3,,104.2,,,107.6,,31.7,,43.9,46.6,76.7,31.7,73.2,61.0,,56.2
Cervus,elaphus,maral,6459/18413,Rate?,M,Tecuci,continental,C. e. maral,,,,,,,,,,,,,,,,,,,130.1,108.4,,,,,,99,,,,,109.5,,,,,,,,83.3,,,
Cervus,elaphus,maral,Groapa 85E - 2019,Cobani ,M,ANA,continental,C. e. maral,,,,,,,,,,,,,,,,,,,146.5,131.4,,,,,,,,,,,,,,,,,,,89.7,,,
Cervus,elaphus,maral,DV-59-1285,Duruitoarea Veche,M,IZ Chisinau,continental,C. e. maral,,,,,,,,115,136.7,,83.3,77,114,,,,,,140.5,110,,,,,,103,,,,,106.8,,,,,,,,78.3,,83.4,59.3
Cervus,elaphus,maral,no number,Dubasari,M,Mus.NH Chisianu,continental,C. e. maral,,,,,,,,,,,,,,,,,,,132.5,121,,,,,,98.5,,,,,122.8,,,,,,,,91.3,,,
Cervus,elaphus,maral,"4th century, Moldova",Zamciogi,M,ANA,continental,C. e. maral,,,,,,,,,,,,,,,,,,,138,106,,,,,,,,,,,,,,,,,,,76.8,,,
Cervus,elaphus,maral,S-22379,Caucasus,F,ZIN,continental,C. e. maral,259,391,123,,,132,140,,,,68,,,,,60,149,125,,,,,,244,,,,,31.5,62.4,,,,,,,,,,,,
Cervus,elaphus,maral,S-22377,Caucasus,F,ZIN,continental,C. e. maral,229,345,104,,,116,137,,,,64,,,,,54,135,110,,,,,,210,,,,,30.1,60.9,,,,,,,,,,,,
Cervus,elaphus,maral,S-22378,Caucasus,F,ZIN,continental,C. e. maral,267,402,123,,,135,155,,,,67,,,,,64,153,134,,,,,,253,,,,,30.6,62.9,,,,,,,,,,,,
Cervus,elaphus,maral,ZIN-4045,Iran,M,ZIN,continental,C. e. maral,287,433,117,,,146,170,,,,69,,,,,77,177,141,,,,,,260,,,,,27.0,60.0,,,,,,,,,,,,
Cervus,elaphus,maral,ZIN-10130,Caucasus,M,ZIN,continental,C. e. maral,301,456,129,,,155,172,,,,73,,,,,75,178,153,,,,,,281,,,,,28.3,61.6,,,,,,,,,,,,
Cervus,elaphus,maral,ZIN-1014,Caucasus,M,ZIN,continental,C. e. maral,289,438,122,,,149,173,,,,78,,,,,77,181,155,,,,,,268,,,,,27.9,61.2,,,,,,,,,,,,
Cervus,elaphus,maral,ZIN-12536,Caucasus,M,ZIN,continental,C. e. maral,,,110,,,162,,,,,,,,,,86,183,148,,,,,,282,,,,,,,,,,,,,,,,,,
Cervus,elaphus,maral,ZIN-10137,Caucasus,M,ZIN,continental,C. e. maral,,,116,,,148,,,,,,,,,,68,175,134,,,,,,256,,,,,,,,,,,,,,,,,,
Cervus,elaphus,maral,ZIN-10129,Caucasus,M,ZIN,continental,C. e. maral,290,445,120,,,155,185,,,,70,,,,,81,181,155,,,,,,288,,,,,27.0,64.7,,,,,,,,,,,,
Cervus,elaphus,maral,ZIN-18520,Caucasus,M,ZIN,continental,C. e. maral,288,440,117,,,152,182,,,,80,,,,,79,180,156,,,,,,270,,,,,26.6,61.4,,,,,,,,,,,,
Cervus,elaphus,maral,ZIN-7984,Caucasus,M,ZIN,continental,C. e. maral,300,459,,,,159,193,,,,77,,,,,82,,159,,,,,,284,,,,,,,,,,,,,,,,,,
Cervus,elaphus,hispanicus,CR-8253,Cova del Rinoceront,M,Barcelona,continental,C. e. hispanicus,,,,,,,,,,,,,,,,,,,118,,,,,,,,,,,,,,,,,,,,,,,
Cervus,elaphus,elaphus,1927-58,France,M,MNHN,continental,C. e. elaphus,242,353,109.8,68.7,45.2,111.8,,,115.7,,63.8,,,105,,,,,119,88.3,,,,207,,,,128,31.1,58.6,,61.4,,47.8,43.4,49.2,65.8,,74.2,,,53.6
Cervus,elaphus,elaphus,1900-313,France,M,MNHN,continental,C. e. elaphus,220,318,108,67.2,49,98.7,,,99.4,,59.4,,,95,,,,,,84.6,,,,188,,,,114,34.0,59.1,,68.1,,45.2,43.2,,72.9,,,,,
Cervus,elaphus,elaphus,1927-55,France,M,MNHN,continental,C. e. elaphus,241,361,106.5,64.8,46,118,,,,,,,,,,,,,,,,,,220,,,,143,29.5,60.9,,54.9,,,,,71.0,,,,,
Cervus,elaphus,elaphus,CE38,France,F,MNHN,continental,C. e. elaphus,220,325,102,64,43,107.2,,,93.7,,,,,94.2,,,,,,86.2,,,,193,,,,110,31.4,59.4,,59.7,,42.6,42.8,,67.2,,,,,
Cervus,elaphus,elaphus,ZG1904,Poland,M,Wroclaw,continental,C. e. elaphus,250,373,110,65.3,45.8,130.2,,,115.2,,72.5,,,108.3,,,,,114,95,,,,228,,,,133,29.5,61.1,,50.2,,46.1,43.3,45.6,70.1,,83.3,,,63.6
Cervus,elaphus,elaphus,C11855,"Toscana, Prato, Cantagallo",M,La Specola,continental,C. e. elaphus,255,385,114.7,69.2,51,130,153,,,,62.8,59.3,81.3,,,,,,114,97.3,,48.2,146,240,,90.3,345,146,29.8,62.3,107.8,53.2,35.4,,,44.7,73.7,35.4,85.4,59.0,,55.1
Cervus,elaphus,elaphus,ZIN-12855,Belovezhie,M,ZIN,continental,C. e. elaphus,253,383,106,,,130,157,,,,72,,,,,60,163,143,,,,,,235,,,,,27.7,61.4,,,,,,,,,,,,
Cervus,elaphus,elaphus,ZIN-12853,Belovezhie,M,ZIN,continental,C. e. elaphus,267,410,102,,,143,185,,,,76,,,,,69,174,158,,,,,,249,,,,,24.9,60.7,,,,,,,,,,,,
Cervus,elaphus,elaphus,ZIN-18363,na,M,ZIN,continental,C. e. elaphus,254,375,117,,,121,140,,,,75,,,,,70,164,136,,,,,,223,,,,,31.2,59.5,,,,,,,,,,,,
Cervus,elaphus,elaphus,ZIN-14931,Germany,F,ZIN,continental,C. e. elaphus,223,333,109,,,110,123,,,,71,,,,,51,135,110,,,,,,208,,,,,32.7,62.5,,,,,,,,,,,,
Cervus,elaphus,coronatus,LV1-9-2383,Lunel-Viel,,MMSH,continental,C. e. coronatus,,,119,71.5,53.7,,,,,,,,,,,,,,,,,,,,,,,,,,,,,,,,75.1,,,,,
Cervus,elaphus,coronatus,LV1-9-17324,Lunel-Viel,,MMSH,continental,C. e. coronatus,,,109,63.2,45.8,,,,,,,,,,,,,,,,,,,,,,,,,,,,,,,,72.5,,,,,
Cervus,elaphus,coronatus,LV1-6-382,Lunel-Viel,,MMSH,continental,C. e. coronatus,,,114,69,46.5,,,,,,,,,,,,,,,,,,,,,,,,,,,,,,,,67.4,,,,,
Cervus,elaphus,coronatus,LV1-9-1411,Lunel-Viel,,MMSH,continental,C. e. coronatus,,,109.8,66.7,46.5,,,,,,,,,,,,,,,,,,,,,,,,,,,,,,,,69.7,,,,,
Cervus,elaphus,coronatus,LV1-12772,Lunel-Viel,,MMSH,continental,C. e. coronatus,,,111.4,66.4,48.4,,,,,,,,,,,,,,,,,,,,,,,,,,,,,,,,72.9,,,,,
Cervus,elaphus,coronatus,SOL-5740,Soleilhac,,MMSH,continental,C. e. coronatus,,,,,,,,,,,,,,,80,,,,,,,,,,,,,,,,,,,,,,,,,,,
Cervus,canadensis ,combrayicus,,Saint-Hippolyte,M,Clermont-Ferrand,continental,C. c. combrayicus,,,,,,,,,,,90.3,65.5,108.2,,,,,,147,157.8,,,,,,105,,,,,150.3,,,,,,,,107.3,,,61.4
Muntiacus,muntjak,muntjak,C780,"India, Madras",M,La Specola,continental,M. muntjak,114.1,168.1,54.4,31.3,24.7,54,59.8,50.7,56.6,48.7,32.7,25,41,52.5,35.2,,78.8,,61,52,20.3,29.3,69.6,91,,47,140.6,,32.4,54.1,110.6,58.0,41.2,49.6,46.0,53.5,78.9,41.2,85.2,78.6,72.4,53.6
Muntiacus,reevesi,reevesi,C782,"China, Ningpo",M,La Specola,continental,M. reevesi,108.4,160.3,52.3,30.3,24.2,51.9,58,,58.1,45.5,31.4,26,,51,34.4,,,,62.2,51.7,,29.2,67,88.8,,48.7,139,,32.6,55.4,106.2,58.4,44.9,53.6,47.0,57.4,79.9,44.9,83.1,84.0,,50.5
"""Cervus""",ruscinensis,ssp.,,"mas Belrich, Vlleneuve-La-Raho",M,Musee Guimet a Lyon,continental,"""C. ruscinensis""",132.6,,66.3,39,29.1,,66.3,,106,,,,,56.3,,,,,98.7,,,37,,,,,,,,,,,,,,,74.6,,,,,
Praemuntiacus,pidoplitschkoi,pidoplitschkoi,PRZ10-19/34,Priozernoe,M,Tiraspol,continental,P. pidoplitschkoi,,,,,,,,,,,,,,,,,,,77,,,,,,,,,,,,,,,,,,,,,,,
Rusa,timorensis,timorensis,A10035,D'Obigni specimen,M,MNHN,insular,R. timorensis,172.5,254,74,44.7,33,81.5,104,,99.2,,,,52.5,,,,,,95.3,70.5,,39.5,,138,,76,200,84,29.1,54.3,92.8,54.8,44.1,57.5,,55.2,73.8,44.1,74.0,73.1,52.9,
Rusa,unclear,unclear,C12087,India,M,La Specola,continental,unclear,186.3,272,79.6,47.5,35.6,85.7,109.2,,90.5,77,50,39.4,59,75,56.2,41.1,108,101.6,95.3,71.8,,40.1,86.9,156.3,81,78,,,29.3,57.5,92.1,55.4,41.9,48.6,40.3,51.2,74.9,41.9,75.3,71.4,65.2,52.5
Rusa,unicolor,unicolor,C12079,Asia,M,La Specola,continental,R. unicolor,261.5,405,111.1,63,48.1,143.5,,,,,,,,,,,,,128.1,87.5,,54.3,140.5,,,86.6,363,129,27.4,,101.0,43.9,33.1,,,49.0,76.3,33.1,68.3,,,
Panolia,eldii,eldii,1944-309,Asia,M,MNHN,continental,P. eldii,190.6,288,87.8,56.1,38,97.4,110.8,,98.3,,58.6,,,79,56,43.7,90.2,120,,79.7,,45.8,,161.7,93.5,,,,30.5,56.1,,57.6,,51.6,41.4,,67.7,,,,,
Panolia,eldii,eldii,1937-157,Asia,F,MNHN,continental,P. eldii,182.2,277,79,46.2,34.1,94.8,110.8,,81.3,,52.2,37,56,76,56.5,42.8,,109,,63,,41,94.4,164.7,85.3,74,243,95.6,28.5,59.5,85.1,48.7,40.6,44.6,41.7,,73.8,40.6,,66.8,68.9,
Panolia,eldii,eldii,1979-80,Asia,F,MNHN,continental,P. eldii,176.5,267,79.4,49.6,34,90.5,102.7,,80,,49,,,75.4,,40.3,,,,,,38.4,87.4,153.8,81.2,73.8,,,29.7,57.6,,54.8,41.8,45.3,42.7,,68.5,41.8,,71.9,,
Rucervus,duvaucelii,duvaucelii,C12088,Central India,M,La Specola,continental,R. duvaucelii,180.4,370,100,62.9,37.1,129.6,140.4,,,,,,,,,,,,111.6,80.6,36.2,47.8,114,217,,93.5,322,125.2,27.0,58.6,86.2,48.5,51.8,,,61.9,59.0,51.8,72.2,66.6,,
Rucervus,duvaucelii,duvaucelii,1864-4,Asia,F,MNHN,continental,R. duvaucelii,218.4,340,95.1,58.5,36.7,121.6,138,,108.5,,58.6,49.4,71.5,93.6,69.2,51.7,,,89,65.7,,43.8,110,207,104.7,,302,123.2,28.0,60.9,,48.1,,49.7,42.9,40.8,62.7,,73.8,,65.9,65.8
Rucervus,ardei,ardei,PET1053,Perrier-Etouaires,M,MNHN,continental,R. ardei,,,,,,,,,134.6,,72.4,,81,,,,,,122,99.1,,,,,,78.7,,,,,125.9,,,,,,,,81.2,,60.2,59.3
Rucervus,ardei,ardei,PET1052,Perrier-Etouaires,M,MNHN,continental,R. ardei,,,,,,,,,,,,,,,,,,,110.3,,,,,,,,,,,,,,,,,,,,,,,
Rucervus,ardei,ardei,PET1014,Perrier-Etouaires,M,MNHN,continental,R. ardei,,,,,,,,,,,,,,,,,,,103.6,,,,,,,,,,,,,,,,,,,,,,,
Rucervus,ardei,ardei,AC.5045,Perrier-Etouaires,,MNHN,continental,R. ardei,,,105.4,62,43.4,,,,,,,,,,,,,,,,,,,,,,,,,,,,,,,,70.0,,,,,
Rucervus,ardei,ardei,PET-310sin,Perrier-Etouaires,,MNHN,continental,R. ardei,,,,69.5,,,,,,,,,,,,,,,,,,,,,,,,,,,,,,,,,,,,,,
Rucervus,ardei,ardei,PET-310dx,Perrier-Etouaires,,MNHN,continental,R. ardei,,,,69,,,,,,,,,,,,,,,,,,,,,,,,,,,,,,,,,,,,,,
Rucervus,radulescui,radulescui,VGR-0893,Valea Graunceanului,,Bucharest,continental,R. radulescui,,,,86.5,,,,,,,,,,,,,,,,,,,,,,,,,,,,,,,,,,,,,,
Rucervus,radulescui,radulescui,VGR-0894,Valea Graunceanului,F,Bucharest,continental,R. radulescui,310,,130,77.2,58.8,,,,,,72.6,,,121.7,,,,,,,,,,,,,,,,,,,,,39.3,,76.2,,,,,
Rucervus,radulescui,radulescui,VGR-0812,Valea Graunceanului,,Bucharest,continental,R. radulescui,,,117.2,67.3,54.7,,,,,,,,,,,,,,,,,,,,,,,,,,,,,,,,81.3,,,,,
Rucervus,radulescui,radulescui,VGR-0896,Valea Graunceanului,,Bucharest,continental,R. radulescui,,,,75,,,,,,,,,,,,,,,,,,,,,,,,,,,,,,,,,,,,,,
Rucervus,radulescui,radulescui,VGR-2269,Valea Graunceanului,,Bucharest,continental,R. radulescui,,,124,71.3,54.5,,,,,,,,,,,,,,,,,,,,,,,,,,,,,,,,76.4,,,,,
Rucervus,radulescui,radulescui,VGR-0897,Valea Graunceanului,,Bucharest,continental,R. radulescui,,,,,50.5,,,,,,,,,,,,,,,,,,,,,,,,,,,,,,,,,,,,,
Rucervus,radulescui,radulescui,VGR-0895,Valea Graunceanului,,Bucharest,continental,R. radulescui,,,,,56,,,,,,,,,,,,,,,,,,,,,,,,,,,,,,,,,,,,,
Rucervus,radulescui,radulescui,VGR-2261,Valea Graunceanului,,Bucharest,continental,R. radulescui,,,,70.8,,,,,,,,,,,,,,,,,,,,,,,,,,,,,,,,,,,,,,
Rucervus,radulescui,radulescui,VGR-1853,Valea Graunceanului,,Bucharest,continental,R. radulescui,,,122.3,71.1,58.5,,,,,,,,,,,,,,,,,,,,,,,,,,,,,,,,82.3,,,,,
Rucervus,radulescui,radulescui,VGR-0890,Valea Graunceanului,,Bucharest,continental,R. radulescui,,,,63.6,,,,,,,,,,,,,,,,,,,,,,,,,,,,,,,,,,,,,,
Rucervus,sp.,ssp.,RGU774,Liventzovka,M,Rostov/Don,continental,Liventzovka,,,,,,,,,,,,,,,,,,,120,100,,,,,,,,,,,,,,,,,,,83.3,,,
Elaphurus,davidianus,davidianus,1972-67,Asia,F,MNHN,continental,E. davidianus,245.7,365,122.4,75.4,49.6,119.3,131,,105.9,,64.4,51.1,73.7,104.3,70.3,53.5,,,103,82.7,,47.6,106.4,236,103.6,97,,137.2,33.5,64.7,85.3,63.2,39.5,43.1,42.5,41.9,65.8,39.5,80.3,74.0,69.6,62.5
Metacervocerus,punjabiensis,punjabiensis,AMNH-19911,Chandigarh,M,AMNH,continental,M. punjabiensis,,,101.77,57.56,43.3,,,,141.43,,84,,102.5,,,,,,108,77.26,,,,,,107.86,,,,,71.6,,,,,,75.2,,71.5,,72.5,77.8
Metacervocerus,shansius,shansius,#22.726,Shansi,M,,continental,M. shansius,,,99,58,46,,,,,,,,,,,,,,,84,,,,,,81,,,,,103.7,,,,,,79.3,,,,,
Metacervocerus,shansius,shansius,#14.333,Shansi,M,,continental,M. shansius,232,,,,,,,,,,,,,,,,,140,109,82,,,,,,89,,,,,92.1,,38.4,,,47.0,,38.4,75.2,,,
Metacervocerus,shansius,shansius,#110.518,Shansi,M,,continental,M. shansius,,,,,,,,,,,,,,,,,,,,86,,,,,,88,,,,,97.7,,,,,,,,,,,
Metacervocerus,shansius,shansius,#10.296,Shansi,M,,continental,M. shansius,,,,,,,,,,,,,,,,,,,,87,,,,,,84,,,,,103.6,,,,,,,,,,,
Metacervocerus,shansius,shansius,#10.242,Shansi,M,,continental,M. shansius,,,100,58,45,,,,,,,,,,,,,,,,,,,,,,,,,,,,,,,,77.6,,,,,
Praeelaphus,australorientalis,australorientalis,OF24935,Vel. Ploskoe,M,Mus.NH Chisianu,continental,P. australorientalis,,,,,,,,,95.7,,50.4,,62,,,,,,94.1,75.5,,,,,,70,,,,,107.9,,,,,,,,80.2,,64.8,53.6
Praeelaphus,warthae,warthae,W-1,Weze,M,Wroclaw,continental,P. warthae,,,,56.5,,,,,,,,,,,,,,,106,76.6,,,99.5,,,,,,,,,,,,,,,,72.3,,,
Praeelaphus,warthae,warthae,W-346,Weze,,Wroclaw,continental,P. warthae,,,,,,,,,92,,56,,,,,,,,,,25.4,,,,,,,,,,,,,,,,,,,,,
Praeelaphus,warthae,warthae,W-362,Weze,,Wroclaw,continental,P. warthae,,,,,,,,,89.6,,57.2,42.7,67.1,,,,,,,,29.3,,,,,,,,,,,,,,,,,,,,74.9,
Praeelaphus,warthae,warthae,W-340,Weze,,Wroclaw,continental,P. warthae,,,96.1,51.7,44.4,,,,,,,,,,,,,,,,,,,,,,,,,,,,,,,,85.9,,,,,
Praeelaphus,warthae,warthae,W-406,Weze,,Wroclaw,continental,P. warthae,,,,59.2,,,,,,,,,,,,,,,,,,,,,,,,,,,,,,,,,,,,,,
Arvernoceros,ardei,ssp.,W-338,Weze,M,Wroclaw,continental,A. ardei,,,,,,,,,,,,,,,,,,,104,,,,,,,,,,,,,,,,,,,,,,,
Praeelaphus,perrieri,perrieri,13i-4969,Perrier-Etouaires,,MNHN,continental,P. perrieri,,,124.4,76.5,52.6,,,,,,,,,,,,,,,,,,,,,,,,,,,,,,,,68.8,,,,,
Praeelaphus,perrieri,perrieri,PET-138,Perrier-Etouaires,,MNHN,continental,P. perrieri,,,120.8,70.5,50.3,,,,,,,,,,,,,,,,,,,,,,,,,,,,,,,,71.3,,,,,
Praeelaphus,perrieri,perrieri,exposition,Perrier-Etouaires,,MNHN,continental,P. perrieri,,,120.9,71.3,55.2,,,,,,,,,,,,,,,,,,,,,,,,,,,,,,,,77.4,,,,,
Praeelaphus,perrieri,perrieri,131-4969,Perrier-Etouaires,,MNHN,continental,P. perrieri,,,123.5,76.7,46.8,,,,,,,,,,,,,,,,,,,,,,,,,,,,,,,,61.0,,,,,
Praeelaphus,perrieri,perrieri,PET-302,Perrier-Etouaires,,MNHN,continental,P. perrieri,,,,60.4,,,,,,,,,,,,,,,,,,,,,,,,,,,,,,,,,,,,,,
Praeelaphus,perrieri,perrieri,PET-410,Perrier-Etouaires,,MNHN,continental,P. perrieri,,,102,59.9,42.1,,,,,,,,,,,,,,,,,,,,,,,,,,,,,,,,70.3,,,,,
Praeelaphus,perrieri,perrieri,PET-265,Perrier-Etouaires,,MNHN,continental,P. perrieri,,,115,66.5,48.5,,,,,,,,,,,,,,,,,,,,,,,,,,,,,,,,72.9,,,,,
Praeelaphus,perrieri,perrieri,PET-273,Perrier-Etouaires,,MNHN,continental,P. perrieri,,,,70,,,,,,,,,,,,,,,,,,,,,,,,,,,,,,,,,,,,,,
Praeelaphus,perrieri,perrieri,PET-276,Perrier-Etouaires,,MNHN,continental,P. perrieri,,,,66.7,,,,,,,,,,,,,,,,,,,,,,,,,,,,,,,,,,,,,,
Praeelaphus,perrieri,perrieri,PET-406,Perrier-Etouaires,,MNHN,continental,P. perrieri,,,114.8,67.8,47,,,,,,,,,,,,,,,,,,,,,,,,,,,,,,,,69.3,,,,,
Praeelaphus,perrieri,perrieri,PET-301,Perrier-Etouaires,,MNHN,continental,P. perrieri,,,,62.5,,,,,,,,,,,,,,,,,,,,,,,,,,,,,,,,,,,,,,
Praeelaphus,perrieri,perrieri,PET-266,Perrier-Etouaires,,MNHN,continental,P. perrieri,,,106.5,61.4,45.1,,,,,,,,,,,,,,,,,,,,,,,,,,,,,,,,73.5,,,,,
Praeelaphus,perrieri,perrieri,PET-300,Perrier-Etouaires,,MNHN,continental,P. perrieri,,,,63,,,,,,,,,,,,,,,,,,,,,,,,,,,,,,,,,,,,,,
Praeelaphus,perrieri,perrieri,PET-297,Perrier-Etouaires,,MNHN,continental,P. perrieri,,,,66.5,,,,,,,,,,,,,,,,,,,,,,,,,,,,,,,,,,,,,,
Praeelaphus,perrieri,perrieri,PET-304,Perrier-Etouaires,,MNHN,continental,P. perrieri,,,,65.7,,,,,,,,,,,,,,,,,,,,,,,,,,,,,,,,,,,,,,
Praeelaphus,perrieri,perrieri,PET-298,Perrier-Etouaires,,MNHN,continental,P. perrieri,,,,63.5,,,,,,,,,,,,,,,,,,,,,,,,,,,,,,,,,,,,,,
Praeelaphus,perrieri,perrieri,PET-303,Perrier-Etouaires,,MNHN,continental,P. perrieri,,,,67.2,,,,,,,,,,,,,,,,,,,,,,,,,,,,,,,,,,,,,,
Praeelaphus,lyra,lyra,IGF1933V,Ponte a Elsa,M,Florence,continental,P. lyra,,,,,,,,,,,,,,,,,,,108,,,,,,,,,,,,,,,,,,,,,,,
Praeelaphus,lyra,ssp.,IGF1378,Olivola,M,Florence,continental,Olivola,,,,,,,,,,,58.5,43,64.5,,,,,,,82,33.5,,,,,76,,,,,107.9,,,,,,,,,,,
Praeelaphus,lyra,ssp.,IGF1379,Olivola,M,Florence,continental,Olivola,,,,53.2,,,,,,,,,,,,,,,102,77.5,,,85.5,,,60,,,,,129.2,,,,,,,,76.0,,,
Pseudodama,sp.,ssp.,IGF1303,Olivola,M,Florence,continental,"""Pseudodama""",,,,,,,,,98,,59,,,,,,,,102,80.5,,,,,,80,,,,,100.6,,,,,,,,78.9,,,57.8
Pseudodama,sp.,ssp.,IGF1358,Olivola,M,Florence,continental,"""Pseudodama""",,,,,,,,,,,58.5,,64.5,,,,,,,82,,,,,,76,,,,,107.9,,,,,,,,,,,
Pseudodama,sp.,ssp.,IGF1382,Olivola,M,Florence,continental,"""Pseudodama""",,,,,,,,,,,,,,,,,,,104.7,80,,,,,,,,,,,,,,,,,,,76.4,,,
Pseudodama,sp.,ssp.,IGF1383,Olivola,M,Florence,continental,"""Pseudodama""",,,,,,,,,95,,,,62,,,,,,103.3,83.4,,,,,,63.8,,,,,130.7,,,,,,,,80.7,,65.3,
Pseudodama,sp.,ssp.,IGF1384,Olivola,M,Florence,continental,"""Pseudodama""",,,,,,,,,,,55.7,,59.3,,,,,,112.2,86.2,,,92,,,61,,,,,141.3,,,,,,,,76.8,,,49.6
Pseudodama,sp.,ssp.,IGF1390,Olivola,M,Florence,continental,"""Pseudodama""",,,83.3,50,35.9,,,,,,50.5,,,,,,,,,,,43.5,99,,,,,,,,,,,,,,71.8,,,,,
Pseudodama,sp.,ssp.,IGF1391,Olivola,,Florence,continental,"""Pseudodama""",,,,51.4,,,,,,,,,,,,,,,,,,,,,,,,,,,,,,,,,,,,,,
Pseudodama,sp.,ssp.,IGF1393,Olivola,,Florence,continental,"""Pseudodama""",,,,51.8,,,,,,,,,,,,,,,,,,,,,,,,,,,,,,,,,,,,,,
Pseudodama,sp.,ssp.,IGF1398,Olivola,,Florence,continental,"""Pseudodama""",,,,48.5,,,,,,,,,,82.6,,,,,,,,,,,,,,,,,,,,,,,,,,,,
Pseudodama,sp.,ssp.,IGF1399,Olivola,,Florence,continental,"""Pseudodama""",,,87.7,50.4,38,,,,,,,,,,,,,,,,,,,,,,,,,,,,,,,,75.4,,,,,
Pseudodama,sp.,ssp.,IGF1400,Olivola,,Florence,continental,"""Pseudodama""",,,,55,,,,,,,,,,,,,,,,,,,,,,,,,,,,,,,,,,,,,,
Pseudodama,sp.,ssp.,IGF1401,Olivola,,Florence,continental,"""Pseudodama""",,,89.2,53.4,40.5,,,,,,,,,,,,,,,,,,,,,,,,,,,,,,,,75.8,,,,,
Cervus.,nestii,ssp.,IGF1403,Olivola,,Florence,continental,"""Pseudodama""",,,,,,,,,98.3,,58.5,,60.2,,,,,,102.3,,38.4.,,,,,80,,82.8,,,,,,,,,,,,,61.2,57.2
Cervus,nestii,ssp.,IGF1404,Olivola,F,Florence,continental,C. nestii,202,,87.5,53,40,,117.3,,,,,43.2,70,,,,,,,,,,81.4,,81.2,78.6,,,,,,,38.9,,,,75.5,38.9,,67.0,,
Pseudodama,sp.,ssp.,IGF1483,Olivola,,Florence,continental,"""Pseudodama""",,,,52.5,,,,,,,,,,,,,,,,,,,,,,,,,,,,,,,,,,,,,,
Pseudodama,sp.,ssp.,IGF1484,Olivola,,Florence,continental,"""Pseudodama""",,,,51.2,,,,,,,,,,,,,,,,,,,,,,,,,,,,,,,,,,,,,,
Pseudodama,sp.,ssp.,IGF1658,Olivola,M,Florence,continental,"""Pseudodama""",,,,,,,,,,,,,,,,,,,104.4,82.8,,,,,,77.8,,,,,106.4,,,,,,,,79.3,,,
Pseudodama,sp.,ssp.,IGF6512,Olivola,M,Florence,continental,"""Pseudodama""",,,,,,,,,90,,,,,,,,,,103,82.7,,,,,,,,,,,,,,,,,,,80.3,,,
Haploidoceros,mediterraneus,mediterraneus,LV-4-14911,Lunel-Viel,M,MMSH,continental,H. mediterraneus,,,,,,,,68.7,108,,56.6,40.7,64.2,,,,,,120,72,,,,,,82,,,,,87.8,,,,,,,,60.0,,59.4,47.2
Haploidoceros,mediterraneus,mediterraneus,LV-9-19304,Lunel-Viel,,MMSH,continental,H. mediterraneus,,,93.6,60.6,40.4,,,,,,,,,,,,,,,,,,,,,,,,,,,,,,,,66.7,,,,,
Haploidoceros,mediterraneus,mediterraneus,LV-4-1418,Lunel-Viel,,MMSH,continental,H. mediterraneus,,,94.7,57.6,39.6,,,,,,,,,,,,,,,,,,,,,,,,,,,,,,,,68.8,,,,,
Haploidoceros,mediterraneus,mediterraneus,LV-9-22816,Lunel-Viel,,MMSH,continental,H. mediterraneus,,,93.8,57.5,39.5,,,,,,,,,,,,,,,,,,,,,,,,,,,,,,,,68.7,,,,,
Haploidoceros,mediterraneus,mediterraneus,LV-7-2835,Lunel-Viel,,MMSH,continental,H. mediterraneus,,,97.6,60,41.3,,,,,,,,,,,,,,,,,,,,,,,,,,,,,,,,68.8,,,,,
Haploidoceros,mediterraneus,mediterraneus,LV-7-80026,Lunel-Viel,,MMSH,continental,H. mediterraneus,,,98.9,61.4,40.3,,,,,,,,,,,,,,,,,,,,,,,,,,,,,,,,65.6,,,,,
Haploidoceros,mediterraneus,mediterraneus,LV-9-21736,Lunel-Viel,,MMSH,continental,H. mediterraneus,,,95.4,54.5,40.2,,,,,,,,,,,,,,,,,,,,,,,,,,,,,,,,73.8,,,,,
Haploidoceros,mediterraneus,mediterraneus,LV-9-187-8,Lunel-Viel,,MMSH,continental,H. mediterraneus,,,,57.3,,,,,,,,,,,,,,,,,,,,,,,,,,,,,,,,,,,,,,
Haploidoceros,mediterraneus,mediterraneus,LV-9-22508,Lunel-Viel,,MMSH,continental,H. mediterraneus,,,,57.5,,,,,,,,,,,,,,,,,,,,,,,,,,,,,,,,,,,,,,
Haploidoceros,mediterraneus,mediterraneus,LV-9-1425,Lunel-Viel,,MMSH,continental,H. mediterraneus,,,92.5,56.3,39.6,,,,,,,,,,,,,,,,,,,,,,,,,,,,,,,,70.3,,,,,
Haploidoceros,mediterraneus,mediterraneus,LV-9-22740,Lunel-Viel,,MMSH,continental,H. mediterraneus,,,86.9,54.2,37.2,,,,,,,,,,,,,,,,,,,,,,,,,,,,,,,,68.6,,,,,
Haploidoceros,mediterraneus,mediterraneus,LV-9-8182,Lunel-Viel,,MMSH,continental,H. mediterraneus,,,94.6,56.4,38.8,,,,,,,,,,,,,,,,,,,,,,,,,,,,,,,,68.8,,,,,
Haploidoceros,mediterraneus,mediterraneus,CR-139/2413,Cova del Rinoceront,M,Barcelona,continental,H. mediterraneus,221,296,96,60.4,40.4,75,113,84,102.4,,58.9,,63.6,92.5,,,,146.5,116.2,83.3,,44.6,110,167,87.2,80,248,,32.4,56.4,104.1,80.5,36.2,46.3,41.9,52.6,66.9,36.2,71.7,70.8,62.1,50.7
Haploidoceros,mediterraneus,mediterraneus,CR-5812,Cova del Rinoceront,M,Barcelona,continental,H. mediterraneus,,,97.1,61,38,,,,101.6,,,,,,,,,,,81.2,,,,,,80,,,,,101.5,,,,,,62.3,,,,,
Haploidoceros,mediterraneus,mediterraneus,CR-377,Cova del Rinoceront,M,Barcelona,continental,H. mediterraneus,,,,,,,,,,,,,,,,,,,105.9,72.5,,,99.3,,,,,,,,,,,,,,,,68.5,,,
Haploidoceros,mediterraneus,mediterraneus,CR-511/2022,Cova del Rinoceront,M,Barcelona,continental,H. mediterraneus,,,93.8,58.3,39.4,,,,,,,,,,,,,,105,73.5,,,104,,,,,,,,,,,,,,67.6,,70.0,,,
Haploidoceros,mediterraneus,mediterraneus,CR-6189,Cova del Rinoceront,,Barcelona,continental,H. mediterraneus,,,90,56.1,33.9,,,,,,,,,,,,,,,,,,89.4,,,80.1,,,,,,,,,,,60.4,,,,,
Haploidoceros,mediterraneus,mediterraneus,CR-2470,Cova del Rinoceront,,Barcelona,continental,H. mediterraneus,209,284,94,,,75,115,,,,,,,,,,,,,,,,,,,,,,33.1,,,,,,,,,,,,,
Haploidoceros,mediterraneus,mediterraneus,CR-222/540,Cova del Rinoceront,,Barcelona,continental,H. mediterraneus,,,91,55.1,40,,,,,,,,,,,,,,,,,,,,,,,,,,,,,,,,72.6,,,,,
Haploidoceros,mediterraneus,mediterraneus,CR-355,Cova del Rinoceront,M,Barcelona,continental,H. mediterraneus,,,,,,,,,,,,,,,,,,,,,,,,,,81,,,,,,,,,,,,,,,,
Haploidoceros,mediterraneus,mediterraneus,CR-354/3998,Cova del Rinoceront,M,Barcelona,continental,H. mediterraneus,,,,,,,,,,,,,,,,,,,,88.8,,,,,,,,,,,,,,,,,,,,,,
Haploidoceros,mediterraneus,mediterraneus,CR-377/8288,Cova del Rinoceront,,Barcelona,continental,H. mediterraneus,,,,,,,,,101.9,,59,,67.8,,,,,,,,,,,,,,,,,,,,,,,,,,,,66.5,
Haploidoceros,mediterraneus,mediterraneus,CR-354/4000,Cova del Rinoceront,M,Barcelona,continental,H. mediterraneus,,,,,,,,,,,,,,,,,,,,,,,,,,,,,,,,,,,,,,,,,,
Haploidoceros,mediterraneus,mediterraneus,CR-367/4011,Cova del Rinoceront,F,Barcelona,continental,H. mediterraneus,,,,,,,,,,,,,,,,,,,,72,,,,,,,,,,,,,,,,,,,,,,
Croizetoceros,ramosus,ramosus,exposition,Perrier-Etouaires,M,MNHN,continental,C. ramosus,,,,,,,,,,,,,,,,,,118.5,85.3,71.6,,,,,,,,,,,,,,,,,,,83.9,,,
